0/ff0a1e149771.wav,0/ff0a1e149771.txt
0/ff0c6e70635d.wav,0/ff0c6e70635d.txt
0/ff6cc7713742.wav,0/ff6cc7713742.txt
0/ff31ce51a35e.wav,0/ff31ce51a35e.txt
0/ff64db3631be.wav,0/ff64db3631be.txt
0/ff785a7eb06d.wav,0/ff785a7eb06d.txt
0/ff66191d07f5.wav,0/ff66191d07f5.txt
0/ffdb27355c34.wav,0/ffdb27355c34.txt
0/00af61212ab0.wav,0/00af61212ab0.txt
0/00d7156dad99.wav,0/00d7156dad99.txt
0/00fb21eb0af9.wav,0/00fb21eb0af9.txt
0/0a3bd6ff4b3e.wav,0/0a3bd6ff4b3e.txt
0/0a4bf4c7f300.wav,0/0a4bf4c7f300.txt
0/0a13b1138413.wav,0/0a13b1138413.txt
0/0a98ccddaac0.wav,0/0a98ccddaac0.txt
0/0a5389d061e1.wav,0/0a5389d061e1.txt
0/0a3382193931.wav,0/0a3382193931.txt
0/0ac3fa9a7cd3.wav,0/0ac3fa9a7cd3.txt
0/0ae1c12e8396.wav,0/0ae1c12e8396.txt
0/0b2bccc5392a.wav,0/0b2bccc5392a.txt
0/0b9a7890e2b5.wav,0/0b9a7890e2b5.txt
0/0b70c68844b8.wav,0/0b70c68844b8.txt
0/0b77a3de72a9.wav,0/0b77a3de72a9.txt
0/0b645ffa2326.wav,0/0b645ffa2326.txt
0/0b981faca9db.wav,0/0b981faca9db.txt
0/0b13130646db.wav,0/0b13130646db.txt
0/0c2d0c8b79b3.wav,0/0c2d0c8b79b3.txt
0/0c8d745fc0a3.wav,0/0c8d745fc0a3.txt
0/0c8d3868eecc.wav,0/0c8d3868eecc.txt
0/0c21ca6e0898.wav,0/0c21ca6e0898.txt
0/0c450a1e9896.wav,0/0c450a1e9896.txt
0/0c36763ee35b.wav,0/0c36763ee35b.txt
0/0c95055348da.wav,0/0c95055348da.txt
0/0ca6eb1423c3.wav,0/0ca6eb1423c3.txt
0/0cac8e4e23de.wav,0/0cac8e4e23de.txt
0/0cb6711a2e5a.wav,0/0cb6711a2e5a.txt
0/0d01ab7215f5.wav,0/0d01ab7215f5.txt
0/0d02a84bbd2f.wav,0/0d02a84bbd2f.txt
0/0e5d9bc23608.wav,0/0e5d9bc23608.txt
0/0e06cf87418b.wav,0/0e06cf87418b.txt
0/0e522a74ef64.wav,0/0e522a74ef64.txt
0/0e633fb3492a.wav,0/0e633fb3492a.txt
0/0ec2fe2411e0.wav,0/0ec2fe2411e0.txt
0/0f5fea09c1a7.wav,0/0f5fea09c1a7.txt
0/0f7fafcaa2a1.wav,0/0f7fafcaa2a1.txt
0/0f18a3a1236a.wav,0/0f18a3a1236a.txt
0/0fb4d593ac0f.wav,0/0fb4d593ac0f.txt
0/0fb8f545aa47.wav,0/0fb8f545aa47.txt
0/0fea1c09fdc6.wav,0/0fea1c09fdc6.txt
0/01a6cb1f1276.wav,0/01a6cb1f1276.txt
0/01bfff15ff9a.wav,0/01bfff15ff9a.txt
0/01cb233c23c8.wav,0/01cb233c23c8.txt
0/01d9c8d6de91.wav,0/01d9c8d6de91.txt
0/01dae37c0d01.wav,0/01dae37c0d01.txt
0/01e20aeb14c9.wav,0/01e20aeb14c9.txt
0/01ecf5b0aef6.wav,0/01ecf5b0aef6.txt
0/1a08f2f1ad17.wav,0/1a08f2f1ad17.txt
0/1a94c572986a.wav,0/1a94c572986a.txt
0/1a95d15d589a.wav,0/1a95d15d589a.txt
0/1acde5476ece.wav,0/1acde5476ece.txt
0/1b4a4ff64a37.wav,0/1b4a4ff64a37.txt
0/1b5b1cca03dd.wav,0/1b5b1cca03dd.txt
0/1bcde63e8663.wav,0/1bcde63e8663.txt
0/1be40f760f20.wav,0/1be40f760f20.txt
0/1c6d032e957d.wav,0/1c6d032e957d.txt
0/1c1680e1b8bf.wav,0/1c1680e1b8bf.txt
0/1c7386907454.wav,0/1c7386907454.txt
0/1cb852eba3c3.wav,0/1cb852eba3c3.txt
0/1ce2b7f281f9.wav,0/1ce2b7f281f9.txt
0/1cec0e222cf9.wav,0/1cec0e222cf9.txt
0/1d6cc7935eb9.wav,0/1d6cc7935eb9.txt
0/1d78a213bb9b.wav,0/1d78a213bb9b.txt
0/1d92d629d401.wav,0/1d92d629d401.txt
0/1d893f7a1452.wav,0/1d893f7a1452.txt
0/1d9625d823ea.wav,0/1d9625d823ea.txt
0/1da36eeb9681.wav,0/1da36eeb9681.txt
0/1da715a806d9.wav,0/1da715a806d9.txt
0/1da917d01e25.wav,0/1da917d01e25.txt
0/1df55fea3683.wav,0/1df55fea3683.txt
0/1e6ec9a4fb42.wav,0/1e6ec9a4fb42.txt
0/1e8c71bda993.wav,0/1e8c71bda993.txt
0/1e961c423e3b.wav,0/1e961c423e3b.txt
0/1e7063ffc00c.wav,0/1e7063ffc00c.txt
0/1ea1f7c58502.wav,0/1ea1f7c58502.txt
0/1ed11bce613b.wav,0/1ed11bce613b.txt
0/1eee8d49f102.wav,0/1eee8d49f102.txt
0/1f0b5b71355e.wav,0/1f0b5b71355e.txt
0/1f1ca2cb3a23.wav,0/1f1ca2cb3a23.txt
0/1f1dd6fb266b.wav,0/1f1dd6fb266b.txt
0/1f9c90064e01.wav,0/1f9c90064e01.txt
0/1f13e0a4a376.wav,0/1f13e0a4a376.txt
0/1f577bd67121.wav,0/1f577bd67121.txt
0/1f682134dc7e.wav,0/1f682134dc7e.txt
0/1fc2cc29ff4a.wav,0/1fc2cc29ff4a.txt
0/1fc355bed77f.wav,0/1fc355bed77f.txt
0/02ad37ab841a.wav,0/02ad37ab841a.txt
0/02c051cec5b2.wav,0/02c051cec5b2.txt
0/2a0f7726572b.wav,0/2a0f7726572b.txt
0/2a9f363440da.wav,0/2a9f363440da.txt
0/2a30f2fd3665.wav,0/2a30f2fd3665.txt
0/2a43b44d810f.wav,0/2a43b44d810f.txt
0/2a58f465f057.wav,0/2a58f465f057.txt
0/2a82d8035014.wav,0/2a82d8035014.txt
0/2a91d01e15fc.wav,0/2a91d01e15fc.txt
0/2a86427878d5.wav,0/2a86427878d5.txt
0/2b3f5cf8c30a.wav,0/2b3f5cf8c30a.txt
0/2b0473b623f8.wav,0/2b0473b623f8.txt
0/2bab610bcc48.wav,0/2bab610bcc48.txt
0/2bbdd08a1c53.wav,0/2bbdd08a1c53.txt
0/2c2f839e37b5.wav,0/2c2f839e37b5.txt
0/2c9bfcdd2bbf.wav,0/2c9bfcdd2bbf.txt
0/2c546b9656a0.wav,0/2c546b9656a0.txt
0/2c706fa2dfa2.wav,0/2c706fa2dfa2.txt
0/2c793adc4684.wav,0/2c793adc4684.txt
0/2c831e8506a7.wav,0/2c831e8506a7.txt
0/2c7233c1a36f.wav,0/2c7233c1a36f.txt
0/2c68196f7ffd.wav,0/2c68196f7ffd.txt
0/2c907312a8d9.wav,0/2c907312a8d9.txt
0/2cb385f06813.wav,0/2cb385f06813.txt
0/2ccdfe67f6d6.wav,0/2ccdfe67f6d6.txt
0/2cd564b3209e.wav,0/2cd564b3209e.txt
0/2cf5e2304007.wav,0/2cf5e2304007.txt
0/2cf7e20aa38e.wav,0/2cf7e20aa38e.txt
0/2d7a8867063f.wav,0/2d7a8867063f.txt
0/2d9ee358eb4a.wav,0/2d9ee358eb4a.txt
0/2d98f8b12000.wav,0/2d98f8b12000.txt
0/2d39765fba3f.wav,0/2d39765fba3f.txt
0/2e0a78fbd7bf.wav,0/2e0a78fbd7bf.txt
0/2e14b11073c2.wav,0/2e14b11073c2.txt
0/2e225a4757c8.wav,0/2e225a4757c8.txt
0/2e16647cd98a.wav,0/2e16647cd98a.txt
0/2e2368770db2.wav,0/2e2368770db2.txt
0/2ea857fb14ed.wav,0/2ea857fb14ed.txt
0/2f776e438313.wav,0/2f776e438313.txt
0/2fd5b4f38609.wav,0/2fd5b4f38609.txt
0/03e414f8cdb1.wav,0/03e414f8cdb1.txt
0/3a0a047c464a.wav,0/3a0a047c464a.txt
0/3a3cb31b7242.wav,0/3a3cb31b7242.txt
0/3a8b3c8417ed.wav,0/3a8b3c8417ed.txt
0/3a49dfe3a6fb.wav,0/3a49dfe3a6fb.txt
0/3a77acc43879.wav,0/3a77acc43879.txt
0/3a145b234803.wav,0/3a145b234803.txt
0/3a886c72f5d9.wav,0/3a886c72f5d9.txt
0/3a05323da661.wav,0/3a05323da661.txt
0/3a09136c42b0.wav,0/3a09136c42b0.txt
0/3a28213a80f7.wav,0/3a28213a80f7.txt
0/3aa96187274f.wav,0/3aa96187274f.txt
0/3add76dd99c6.wav,0/3add76dd99c6.txt
0/3baf91e7de49.wav,0/3baf91e7de49.txt
0/3bd5ee1bbbe5.wav,0/3bd5ee1bbbe5.txt
0/3c7bffc5aa89.wav,0/3c7bffc5aa89.txt
0/3c34fbc01502.wav,0/3c34fbc01502.txt
0/3c137e32f032.wav,0/3c137e32f032.txt
0/3ca75b46fd54.wav,0/3ca75b46fd54.txt
0/3ca4299cf76d.wav,0/3ca4299cf76d.txt
0/3cb75fdb01be.wav,0/3cb75fdb01be.txt
0/3cc02b0306bd.wav,0/3cc02b0306bd.txt
0/3cf16c810778.wav,0/3cf16c810778.txt
0/3cf1658a057d.wav,0/3cf1658a057d.txt
0/3d4d85265bb5.wav,0/3d4d85265bb5.txt
0/3d787a4e839e.wav,0/3d787a4e839e.txt
0/3dc75b25a3ca.wav,0/3dc75b25a3ca.txt
0/3e3aa574025e.wav,0/3e3aa574025e.txt
0/3e6fbada9e18.wav,0/3e6fbada9e18.txt
0/3e66b4402425.wav,0/3e66b4402425.txt
0/3e7008f16364.wav,0/3e7008f16364.txt
0/3ec381db6416.wav,0/3ec381db6416.txt
0/3ee3114565e7.wav,0/3ee3114565e7.txt
0/3eee0a792205.wav,0/3eee0a792205.txt
0/3f2c62ee1fc9.wav,0/3f2c62ee1fc9.txt
0/3f66ad0b7ba1.wav,0/3f66ad0b7ba1.txt
0/3f95ed0a9d99.wav,0/3f95ed0a9d99.txt
0/3f8678d9910f.wav,0/3f8678d9910f.txt
0/3f720778d05c.wav,0/3f720778d05c.txt
0/3f1832134567.wav,0/3f1832134567.txt
0/3fb7185cc04c.wav,0/3fb7185cc04c.txt
0/3fc0230d891a.wav,0/3fc0230d891a.txt
0/04f6c5b1f530.wav,0/04f6c5b1f530.txt
0/04f636aff86e.wav,0/04f636aff86e.txt
0/4a7a32c5b6b0.wav,0/4a7a32c5b6b0.txt
0/4a7f07e0be30.wav,0/4a7f07e0be30.txt
0/4ab1c376790a.wav,0/4ab1c376790a.txt
0/4acb342fb96e.wav,0/4acb342fb96e.txt
0/4ae1034e37b9.wav,0/4ae1034e37b9.txt
0/4b5c9bd62de2.wav,0/4b5c9bd62de2.txt
0/4b4427df0b8c.wav,0/4b4427df0b8c.txt
0/4b538080541d.wav,0/4b538080541d.txt
0/4ba69ec804b2.wav,0/4ba69ec804b2.txt
0/4c38ed2d0bb5.wav,0/4c38ed2d0bb5.txt
0/4c89ff7abdaf.wav,0/4c89ff7abdaf.txt
0/4c6474b03030.wav,0/4c6474b03030.txt
0/4c68656606b4.wav,0/4c68656606b4.txt
0/4cc056c28e6a.wav,0/4cc056c28e6a.txt
0/4cfa3f6f6637.wav,0/4cfa3f6f6637.txt
0/4d9a7c9f4f03.wav,0/4d9a7c9f4f03.txt
0/4d631e7793c7.wav,0/4d631e7793c7.txt
0/4d788eccbcb6.wav,0/4d788eccbcb6.txt
0/4d967c821330.wav,0/4d967c821330.txt
0/4dacdb7e9eec.wav,0/4dacdb7e9eec.txt
0/4dc59a79746b.wav,0/4dc59a79746b.txt
0/4dd6269255fa.wav,0/4dd6269255fa.txt
0/4e11d0f342d9.wav,0/4e11d0f342d9.txt
0/4e49a14f6d5f.wav,0/4e49a14f6d5f.txt
0/4e68d5ba9912.wav,0/4e68d5ba9912.txt
0/4e795f1268ab.wav,0/4e795f1268ab.txt
0/4e87277cda7a.wav,0/4e87277cda7a.txt
0/4e85998615fb.wav,0/4e85998615fb.txt
0/4e2850954564.wav,0/4e2850954564.txt
0/4ea2eedbb3ab.wav,0/4ea2eedbb3ab.txt
0/4eeac754e658.wav,0/4eeac754e658.txt
0/4ef829be0d19.wav,0/4ef829be0d19.txt
0/4f43c1196113.wav,0/4f43c1196113.txt
0/4f98ae8d52c3.wav,0/4f98ae8d52c3.txt
0/4f52404e6c4b.wav,0/4f52404e6c4b.txt
0/4fad89d49b88.wav,0/4fad89d49b88.txt
0/05b25d4e573f.wav,0/05b25d4e573f.txt
0/05f11910cf30.wav,0/05f11910cf30.txt
0/5a0cbc677bc2.wav,0/5a0cbc677bc2.txt
0/5a2ae61f5f9b.wav,0/5a2ae61f5f9b.txt
0/5a5a420d3f0f.wav,0/5a5a420d3f0f.txt
0/5a10c8b5899c.wav,0/5a10c8b5899c.txt
0/5a23b3937199.wav,0/5a23b3937199.txt
0/5a66f0bf7d39.wav,0/5a66f0bf7d39.txt
0/5a81d0af69a8.wav,0/5a81d0af69a8.txt
0/5a467f4e1094.wav,0/5a467f4e1094.txt
0/5aa1fc3973ae.wav,0/5aa1fc3973ae.txt
0/5aa5caa2caaf.wav,0/5aa5caa2caaf.txt
0/5abbc9696afb.wav,0/5abbc9696afb.txt
0/5addf5450455.wav,0/5addf5450455.txt
0/5b005c35f412.wav,0/5b005c35f412.txt
0/5b7d0c470c47.wav,0/5b7d0c470c47.txt
0/5b8cb1476fad.wav,0/5b8cb1476fad.txt
0/5b50cf0d365e.wav,0/5b50cf0d365e.txt
0/5b68bc94ccbe.wav,0/5b68bc94ccbe.txt
0/5b808399c153.wav,0/5b808399c153.txt
0/5b5453451552.wav,0/5b5453451552.txt
0/5bc056b3b8a4.wav,0/5bc056b3b8a4.txt
0/5bda2c3c3736.wav,0/5bda2c3c3736.txt
0/5c13f80d8d4b.wav,0/5c13f80d8d4b.txt
0/5c38a0bbce07.wav,0/5c38a0bbce07.txt
0/5c72eb635c40.wav,0/5c72eb635c40.txt
0/5c928bd9c854.wav,0/5c928bd9c854.txt
0/5c625237256e.wav,0/5c625237256e.txt
0/5cb197c97a00.wav,0/5cb197c97a00.txt
0/5cc51b631812.wav,0/5cc51b631812.txt
0/5cd878886e0c.wav,0/5cd878886e0c.txt
0/5cf95179a2bb.wav,0/5cf95179a2bb.txt
0/5d8ccf1bb22e.wav,0/5d8ccf1bb22e.txt
0/5d009b5062bb.wav,0/5d009b5062bb.txt
0/5d9d946d3cc9.wav,0/5d9d946d3cc9.txt
0/5d92f4cbec0f.wav,0/5d92f4cbec0f.txt
0/5d140af25bb0.wav,0/5d140af25bb0.txt
0/5db0aabe0970.wav,0/5db0aabe0970.txt
0/5db045c50801.wav,0/5db045c50801.txt
0/5dc41ba0552c.wav,0/5dc41ba0552c.txt
0/5df672620c66.wav,0/5df672620c66.txt
0/5e4cb2c9b3a0.wav,0/5e4cb2c9b3a0.txt
0/5e4f81a53f49.wav,0/5e4f81a53f49.txt
0/5e95b855ba22.wav,0/5e95b855ba22.txt
0/5e2308d310bd.wav,0/5e2308d310bd.txt
0/5ebd1d0976bc.wav,0/5ebd1d0976bc.txt
0/5ee57d0d0026.wav,0/5ee57d0d0026.txt
0/5ee728b71958.wav,0/5ee728b71958.txt
0/5f4bf4cc7d06.wav,0/5f4bf4cc7d06.txt
0/5f22a233d1c9.wav,0/5f22a233d1c9.txt
0/5f66d6a26959.wav,0/5f66d6a26959.txt
0/5f7916e3ba88.wav,0/5f7916e3ba88.txt
0/5fe87af6a76b.wav,0/5fe87af6a76b.txt
0/5ff53bf731de.wav,0/5ff53bf731de.txt
0/06d1b409d273.wav,0/06d1b409d273.txt
0/06d6403b569e.wav,0/06d6403b569e.txt
0/6a3ecc6d4d58.wav,0/6a3ecc6d4d58.txt
0/6a69daf097ff.wav,0/6a69daf097ff.txt
0/6a629f61060a.wav,0/6a629f61060a.txt
0/6a3084e0deef.wav,0/6a3084e0deef.txt
0/6aaac2ac82cc.wav,0/6aaac2ac82cc.txt
0/6ac1ebd44a2c.wav,0/6ac1ebd44a2c.txt
0/6b0dc333df48.wav,0/6b0dc333df48.txt
0/6b1a26725eb5.wav,0/6b1a26725eb5.txt
0/6b49de747d22.wav,0/6b49de747d22.txt
0/6b7323cee3ea.wav,0/6b7323cee3ea.txt
0/6b8448a53bc8.wav,0/6b8448a53bc8.txt
0/6ba2e59c66ad.wav,0/6ba2e59c66ad.txt
0/6c28bc15d2c9.wav,0/6c28bc15d2c9.txt
0/6c310cbfd710.wav,0/6c310cbfd710.txt
0/6c949af5438f.wav,0/6c949af5438f.txt
0/6c7770121947.wav,0/6c7770121947.txt
0/6ca3c5b2a986.wav,0/6ca3c5b2a986.txt
0/6ce7cf16f113.wav,0/6ce7cf16f113.txt
0/6d0dd7dd24b9.wav,0/6d0dd7dd24b9.txt
0/6d3a87bf3cf0.wav,0/6d3a87bf3cf0.txt
0/6d5ffbbde855.wav,0/6d5ffbbde855.txt
0/6d8e9652b5b6.wav,0/6d8e9652b5b6.txt
0/6d24dba42dde.wav,0/6d24dba42dde.txt
0/6da5a34142d7.wav,0/6da5a34142d7.txt
0/6dd3c1104831.wav,0/6dd3c1104831.txt
0/6e3c9438cc13.wav,0/6e3c9438cc13.txt
0/6e2129890584.wav,0/6e2129890584.txt
0/6ed5d6904e3d.wav,0/6ed5d6904e3d.txt
0/6f0b3df3d1d5.wav,0/6f0b3df3d1d5.txt
0/6f3c858fed8d.wav,0/6f3c858fed8d.txt
0/6f87aa3d0ce7.wav,0/6f87aa3d0ce7.txt
0/6f91df49479b.wav,0/6f91df49479b.txt
0/6f635bb65646.wav,0/6f635bb65646.txt
0/6f841ccbf72a.wav,0/6f841ccbf72a.txt
0/07a6f11dc9e8.wav,0/07a6f11dc9e8.txt
0/07a7f5144eee.wav,0/07a7f5144eee.txt
0/07d0375a1342.wav,0/07d0375a1342.txt
0/07e9fb09b89a.wav,0/07e9fb09b89a.txt
0/7a1d77203f5e.wav,0/7a1d77203f5e.txt
0/7a919b9fb175.wav,0/7a919b9fb175.txt
0/7a8892bd383e.wav,0/7a8892bd383e.txt
0/7a12789bf4e1.wav,0/7a12789bf4e1.txt
0/7a24050573bc.wav,0/7a24050573bc.txt
0/7aa5b6af61f7.wav,0/7aa5b6af61f7.txt
0/7adc8e73ac19.wav,0/7adc8e73ac19.txt
0/7af73c628f4d.wav,0/7af73c628f4d.txt
0/7b069894172c.wav,0/7b069894172c.txt
0/7b3017004690.wav,0/7b3017004690.txt
0/7ba76930eeb0.wav,0/7ba76930eeb0.txt
0/7bb4c13990b8.wav,0/7bb4c13990b8.txt
0/7c18b79068cc.wav,0/7c18b79068cc.txt
0/7c53e5e66466.wav,0/7c53e5e66466.txt
0/7c214ddf1574.wav,0/7c214ddf1574.txt
0/7c611ae4ba78.wav,0/7c611ae4ba78.txt
0/7cb423e4ad77.wav,0/7cb423e4ad77.txt
0/7cc66596a597.wav,0/7cc66596a597.txt
0/7cccec4c64e2.wav,0/7cccec4c64e2.txt
0/7cd87cea0456.wav,0/7cd87cea0456.txt
0/7ce59a5b592e.wav,0/7ce59a5b592e.txt
0/7d1ab2dba5f7.wav,0/7d1ab2dba5f7.txt
0/7d2bc8a4085a.wav,0/7d2bc8a4085a.txt
0/7d42e1e61efa.wav,0/7d42e1e61efa.txt
0/7d73a91529a5.wav,0/7d73a91529a5.txt
0/7d916b4f07b9.wav,0/7d916b4f07b9.txt
0/7d124218924a.wav,0/7d124218924a.txt
0/7db34fa3fead.wav,0/7db34fa3fead.txt
0/7dec60d1a9d0.wav,0/7dec60d1a9d0.txt
0/7e46f4577c37.wav,0/7e46f4577c37.txt
0/7e81e868332e.wav,0/7e81e868332e.txt
0/7e769175bc08.wav,0/7e769175bc08.txt
0/7eb05ef56c18.wav,0/7eb05ef56c18.txt
0/7ec0e84806cb.wav,0/7ec0e84806cb.txt
0/7ec3032cd2f6.wav,0/7ec3032cd2f6.txt
0/7f9b9a9e66e2.wav,0/7f9b9a9e66e2.txt
0/7f13e9fe8c86.wav,0/7f13e9fe8c86.txt
0/7f48303cbc65.wav,0/7f48303cbc65.txt
0/7fc28a01650d.wav,0/7fc28a01650d.txt
0/08ac7287c7f6.wav,0/08ac7287c7f6.txt
0/08b97914b3e4.wav,0/08b97914b3e4.txt
0/08c9ff7edb49.wav,0/08c9ff7edb49.txt
0/08d96be5b585.wav,0/08d96be5b585.txt
0/08de9087020e.wav,0/08de9087020e.txt
0/08f9be3fc476.wav,0/08f9be3fc476.txt
0/8a6cc604d0df.wav,0/8a6cc604d0df.txt
0/8a7bd59afbd7.wav,0/8a7bd59afbd7.txt
0/8aa22601e649.wav,0/8aa22601e649.txt
0/8af063cc56ae.wav,0/8af063cc56ae.txt
0/8b59b96c3d16.wav,0/8b59b96c3d16.txt
0/8b8332105f73.wav,0/8b8332105f73.txt
0/8bc8f256a679.wav,0/8bc8f256a679.txt
0/8bf8f7ceada8.wav,0/8bf8f7ceada8.txt
0/8c0a3839f5af.wav,0/8c0a3839f5af.txt
0/8c3d0bcedb51.wav,0/8c3d0bcedb51.txt
0/8cb70b9492e1.wav,0/8cb70b9492e1.txt
0/8cdf489b7596.wav,0/8cdf489b7596.txt
0/8ce1babfdaa1.wav,0/8ce1babfdaa1.txt
0/8d4cc4a1f223.wav,0/8d4cc4a1f223.txt
0/8d4fe00e4f1a.wav,0/8d4fe00e4f1a.txt
0/8d9a457ac492.wav,0/8d9a457ac492.txt
0/8d37cc24830c.wav,0/8d37cc24830c.txt
0/8dad89ec98a5.wav,0/8dad89ec98a5.txt
0/8db1a973d5d3.wav,0/8db1a973d5d3.txt
0/8e2aba1e7f6b.wav,0/8e2aba1e7f6b.txt
0/8e748b45df9b.wav,0/8e748b45df9b.txt
0/8e21296db3d0.wav,0/8e21296db3d0.txt
0/8e8181306f73.wav,0/8e8181306f73.txt
0/8ec87f55c17c.wav,0/8ec87f55c17c.txt
0/8ec9654c47fd.wav,0/8ec9654c47fd.txt
0/8ee53511b8e4.wav,0/8ee53511b8e4.txt
0/8ef497f4d801.wav,0/8ef497f4d801.txt
0/8f5fad35ecff.wav,0/8f5fad35ecff.txt
0/8f2988f25c9a.wav,0/8f2988f25c9a.txt
0/8f7973a9b7b5.wav,0/8f7973a9b7b5.txt
0/8fa62c2f7e23.wav,0/8fa62c2f7e23.txt
0/8fa872023ba0.wav,0/8fa872023ba0.txt
0/8fd005a0a2f3.wav,0/8fd005a0a2f3.txt
0/09c82b057c69.wav,0/09c82b057c69.txt
0/9a5eb868564f.wav,0/9a5eb868564f.txt
0/9a7db28c6e7e.wav,0/9a7db28c6e7e.txt
0/9a64b49d1990.wav,0/9a64b49d1990.txt
0/9a4256dc7363.wav,0/9a4256dc7363.txt
0/9a06848a4604.wav,0/9a06848a4604.txt
0/9aeb65914a1d.wav,0/9aeb65914a1d.txt
0/9af4a4aee041.wav,0/9af4a4aee041.txt
0/9b3cea101d7c.wav,0/9b3cea101d7c.txt
0/9b4b038949ec.wav,0/9b4b038949ec.txt
0/9b81c194c103.wav,0/9b81c194c103.txt
0/9be208783c78.wav,0/9be208783c78.txt
0/9c0e03ce7d01.wav,0/9c0e03ce7d01.txt
0/9c57f528271e.wav,0/9c57f528271e.txt
0/9c93330a620c.wav,0/9c93330a620c.txt
0/9c3167282168.wav,0/9c3167282168.txt
0/9cc39975e78e.wav,0/9cc39975e78e.txt
0/9cfe83820d15.wav,0/9cfe83820d15.txt
0/9d1ccefbcd9f.wav,0/9d1ccefbcd9f.txt
0/9d04c7666f5e.wav,0/9d04c7666f5e.txt
0/9d8bc68fe4e2.wav,0/9d8bc68fe4e2.txt
0/9d9bb3a44e66.wav,0/9d9bb3a44e66.txt
0/9d10dc8a1abc.wav,0/9d10dc8a1abc.txt
0/9d54d79f4282.wav,0/9d54d79f4282.txt
0/9d90e962ea32.wav,0/9d90e962ea32.txt
0/9d1415337a65.wav,0/9d1415337a65.txt
0/9d8687394d1d.wav,0/9d8687394d1d.txt
0/9da631615220.wav,0/9da631615220.txt
0/9db707ad346b.wav,0/9db707ad346b.txt
0/9dbf18c15a94.wav,0/9dbf18c15a94.txt
0/9dc3c7e47306.wav,0/9dc3c7e47306.txt
0/9dd2fd6d2530.wav,0/9dd2fd6d2530.txt
0/9de971843b8f.wav,0/9de971843b8f.txt
0/9df6a304090f.wav,0/9df6a304090f.txt
0/9e4e063b1fa8.wav,0/9e4e063b1fa8.txt
0/9e6cf17c4e70.wav,0/9e6cf17c4e70.txt
0/9e66a58d1e4e.wav,0/9e66a58d1e4e.txt
0/9e69e62c2714.wav,0/9e69e62c2714.txt
0/9e2592c7e8c2.wav,0/9e2592c7e8c2.txt
0/9e612225c69e.wav,0/9e612225c69e.txt
0/9ea3a6954ae3.wav,0/9ea3a6954ae3.txt
0/9ea9dbf84163.wav,0/9ea9dbf84163.txt
0/9efed38696c5.wav,0/9efed38696c5.txt
0/9f607a418223.wav,0/9f607a418223.txt
0/9f714183d884.wav,0/9f714183d884.txt
0/9f0819896e37.wav,0/9f0819896e37.txt
0/9fa627c0200e.wav,0/9fa627c0200e.txt
0/9fba38ddd9ce.wav,0/9fba38ddd9ce.txt
0/10ab028ed383.wav,0/10ab028ed383.txt
0/11ce73218ea4.wav,0/11ce73218ea4.txt
0/12b814fe9d9c.wav,0/12b814fe9d9c.txt
0/013b920dd9a4.wav,0/013b920dd9a4.txt
0/13cdd7b87237.wav,0/13cdd7b87237.txt
0/13d8dd2e66f7.wav,0/13d8dd2e66f7.txt
0/13d10ad94b0e.wav,0/13d10ad94b0e.txt
0/13df6a72ce83.wav,0/13df6a72ce83.txt
0/14ad89964b47.wav,0/14ad89964b47.txt
0/14b3b656ab5e.wav,0/14b3b656ab5e.txt
0/14b98269addf.wav,0/14b98269addf.txt
0/14d063e9cdf1.wav,0/14d063e9cdf1.txt
0/14e8910873c8.wav,0/14e8910873c8.txt
0/15a1edc6ccef.wav,0/15a1edc6ccef.txt
0/15ab855eac8f.wav,0/15ab855eac8f.txt
0/15b7b2327d0b.wav,0/15b7b2327d0b.txt
0/15c52aee1604.wav,0/15c52aee1604.txt
0/15d8084a6b16.wav,0/15d8084a6b16.txt
0/16f56213f0f3.wav,0/16f56213f0f3.txt
0/17d3e295bd06.wav,0/17d3e295bd06.txt
0/18efde790e74.wav,0/18efde790e74.txt
0/20b1a90a2f7c.wav,0/20b1a90a2f7c.txt
0/20e29b19fbd7.wav,0/20e29b19fbd7.txt
0/20ebbead82c9.wav,0/20ebbead82c9.txt
0/21ce3fde0dec.wav,0/21ce3fde0dec.txt
0/21f06f37064e.wav,0/21f06f37064e.txt
0/21f82a1b2740.wav,0/21f82a1b2740.txt
0/22bff0ceb3db.wav,0/22bff0ceb3db.txt
0/22d789d85d78.wav,0/22d789d85d78.txt
0/22eb638fb193.wav,0/22eb638fb193.txt
0/22f29c19ea46.wav,0/22f29c19ea46.txt
0/23a3d11ba820.wav,0/23a3d11ba820.txt
0/23a6c0562e36.wav,0/23a6c0562e36.txt
0/23c07d3de76c.wav,0/23c07d3de76c.txt
0/24b17c443453.wav,0/24b17c443453.txt
0/24c838863f52.wav,0/24c838863f52.txt
0/24dd3bddbe26.wav,0/24dd3bddbe26.txt
0/025b17ba2cf8.wav,0/025b17ba2cf8.txt
0/26a583c04018.wav,0/26a583c04018.txt
0/26f6f2dec7e8.wav,0/26f6f2dec7e8.txt
0/27c0bb788d56.wav,0/27c0bb788d56.txt
0/28e4d3f6221d.wav,0/28e4d3f6221d.txt
0/28e385eab6a0.wav,0/28e385eab6a0.txt
0/28f1ab8f0cf0.wav,0/28f1ab8f0cf0.txt
0/28f8c3abc819.wav,0/28f8c3abc819.txt
0/29bd18c5031c.wav,0/29bd18c5031c.txt
0/29fd4b73a3c4.wav,0/29fd4b73a3c4.txt
0/030dab2fce31.wav,0/030dab2fce31.txt
0/30ebaecd4aa3.wav,0/30ebaecd4aa3.txt
0/31af74af33b6.wav,0/31af74af33b6.txt
0/31c8efc9acdd.wav,0/31c8efc9acdd.txt
0/31de7cdbe45f.wav,0/31de7cdbe45f.txt
0/32fa666f6446.wav,0/32fa666f6446.txt
0/33c006989b35.wav,0/33c006989b35.txt
0/33d423951ba9.wav,0/33d423951ba9.txt
0/33f618ec18e3.wav,0/33f618ec18e3.txt
0/34ad1c2b28e9.wav,0/34ad1c2b28e9.txt
0/35a3a13a2341.wav,0/35a3a13a2341.txt
0/35b9d52999e6.wav,0/35b9d52999e6.txt
0/35b417959921.wav,0/35b417959921.txt
0/35cf20a233af.wav,0/35cf20a233af.txt
0/35dc5fa72a16.wav,0/35dc5fa72a16.txt
0/35e76ef19fdb.wav,0/35e76ef19fdb.txt
0/36b3d562b90b.wav,0/36b3d562b90b.txt
0/36c8a3263a50.wav,0/36c8a3263a50.txt
0/36f6fe5a06a5.wav,0/36f6fe5a06a5.txt
0/37b1003d9a03.wav,0/37b1003d9a03.txt
0/37b9598677d9.wav,0/37b9598677d9.txt
0/37bc611295f1.wav,0/37bc611295f1.txt
0/37e504baec4b.wav,0/37e504baec4b.txt
0/38aba53df026.wav,0/38aba53df026.txt
0/38bba1542f0b.wav,0/38bba1542f0b.txt
0/38d4ea2d9c2d.wav,0/38d4ea2d9c2d.txt
0/38e0da8c813c.wav,0/38e0da8c813c.txt
0/38ed4c3a99e7.wav,0/38ed4c3a99e7.txt
0/39a31402df14.wav,0/39a31402df14.txt
0/39aa2fb55d99.wav,0/39aa2fb55d99.txt
0/39c9d1f29d6b.wav,0/39c9d1f29d6b.txt
0/40aeba85d528.wav,0/40aeba85d528.txt
0/40bf5296e9d2.wav,0/40bf5296e9d2.txt
0/40ef85c0704b.wav,0/40ef85c0704b.txt
0/41aabd77edfc.wav,0/41aabd77edfc.txt
0/41f00712cf25.wav,0/41f00712cf25.txt
0/42b854093df8.wav,0/42b854093df8.txt
0/42c933589e2b.wav,0/42c933589e2b.txt
0/42e1b45aaa2f.wav,0/42e1b45aaa2f.txt
0/43c3dab330ed.wav,0/43c3dab330ed.txt
0/43e6ae806430.wav,0/43e6ae806430.txt
0/43f9a20240e4.wav,0/43f9a20240e4.txt
0/44b03faa4571.wav,0/44b03faa4571.txt
0/44c0f3104e6b.wav,0/44c0f3104e6b.txt
0/44da9cb893e8.wav,0/44da9cb893e8.txt
0/44ec807b7ec8.wav,0/44ec807b7ec8.txt
0/44f25a9151e9.wav,0/44f25a9151e9.txt
0/45a1c3e3d849.wav,0/45a1c3e3d849.txt
0/45a9ce6d0414.wav,0/45a9ce6d0414.txt
0/45c1f539547b.wav,0/45c1f539547b.txt
0/45fa99dd31ee.wav,0/45fa99dd31ee.txt
0/046d21370196.wav,0/046d21370196.txt
0/46a3bb0454d9.wav,0/46a3bb0454d9.txt
0/46c2d4aa9e80.wav,0/46c2d4aa9e80.txt
0/46fbf427f66c.wav,0/46fbf427f66c.txt
0/047d1d318c7a.wav,0/047d1d318c7a.txt
0/47ae627caad6.wav,0/47ae627caad6.txt
0/47b11dedc8f2.wav,0/47b11dedc8f2.txt
0/48b4c8377474.wav,0/48b4c8377474.txt
0/48d3d9d4309b.wav,0/48d3d9d4309b.txt
0/48d16890fc17.wav,0/48d16890fc17.txt
0/48f92761bb71.wav,0/48f92761bb71.txt
0/49bc2a7a3317.wav,0/49bc2a7a3317.txt
0/50a0b9fa3c59.wav,0/50a0b9fa3c59.txt
0/50b3b256ee8a.wav,0/50b3b256ee8a.txt
0/51c41b03f93e.wav,0/51c41b03f93e.txt
0/52cffad78e86.wav,0/52cffad78e86.txt
0/52ddfa02cb26.wav,0/52ddfa02cb26.txt
0/53e42ebcdcbb.wav,0/53e42ebcdcbb.txt
0/54a300e40541.wav,0/54a300e40541.txt
0/54d16e83b7ed.wav,0/54d16e83b7ed.txt
0/54ecb3ca2d1f.wav,0/54ecb3ca2d1f.txt
0/55bd385f52b9.wav,0/55bd385f52b9.txt
0/55fffe039de3.wav,0/55fffe039de3.txt
0/56ae1c2cb0fa.wav,0/56ae1c2cb0fa.txt
0/56f58a1ceaf5.wav,0/56f58a1ceaf5.txt
0/56f175784114.wav,0/56f175784114.txt
0/57ab2c19966a.wav,0/57ab2c19966a.txt
0/57ac9b670202.wav,0/57ac9b670202.txt
0/57d8d307c173.wav,0/57d8d307c173.txt
0/57dd977541bb.wav,0/57dd977541bb.txt
0/57f0cb5d3dda.wav,0/57f0cb5d3dda.txt
0/58b1dc0cce3a.wav,0/58b1dc0cce3a.txt
0/58f00176581a.wav,0/58f00176581a.txt
0/59f8f2bf711a.wav,0/59f8f2bf711a.txt
0/60b3fcdc4905.wav,0/60b3fcdc4905.txt
0/60f9bc86e7b3.wav,0/60f9bc86e7b3.txt
0/61c9f95d7bec.wav,0/61c9f95d7bec.txt
0/61c6943a723e.wav,0/61c6943a723e.txt
0/61d47631c837.wav,0/61d47631c837.txt
0/62aa5bd8957d.wav,0/62aa5bd8957d.txt
0/62b5a0070ee6.wav,0/62b5a0070ee6.txt
0/62cca766d958.wav,0/62cca766d958.txt
0/62fac9c64629.wav,0/62fac9c64629.txt
0/063df1f3f636.wav,0/063df1f3f636.txt
0/63a3681e0c0e.wav,0/63a3681e0c0e.txt
0/63b9652ca40b.wav,0/63b9652ca40b.txt
0/63f7686ea666.wav,0/63f7686ea666.txt
0/64d5a9a2750a.wav,0/64d5a9a2750a.txt
0/64d94df6946b.wav,0/64d94df6946b.txt
0/64fa973bf5d3.wav,0/64fa973bf5d3.txt
0/65d9ccbd34de.wav,0/65d9ccbd34de.txt
0/65e4bf121d43.wav,0/65e4bf121d43.txt
0/66b28f4553a4.wav,0/66b28f4553a4.txt
0/66de05a916d0.wav,0/66de05a916d0.txt
0/66ed65f2afd4.wav,0/66ed65f2afd4.txt
0/67ae00104f6b.wav,0/67ae00104f6b.txt
0/67db79898ae2.wav,0/67db79898ae2.txt
0/67f3cac6df58.wav,0/67f3cac6df58.txt
0/67f8c8fabe1c.wav,0/67f8c8fabe1c.txt
0/68a0a0ea58e2.wav,0/68a0a0ea58e2.txt
0/68d7c19bada0.wav,0/68d7c19bada0.txt
0/68d609818ca4.wav,0/68d609818ca4.txt
0/68df4664c9f3.wav,0/68df4664c9f3.txt
0/68e0afdfad59.wav,0/68e0afdfad59.txt
0/69ad6b3b598f.wav,0/69ad6b3b598f.txt
0/69ff8cacf8e1.wav,0/69ff8cacf8e1.txt
0/70f8b07559cd.wav,0/70f8b07559cd.txt
0/71cc3f1ef69c.wav,0/71cc3f1ef69c.txt
0/72ac10f74853.wav,0/72ac10f74853.txt
0/73b3d27edb05.wav,0/73b3d27edb05.txt
0/73b364c72463.wav,0/73b364c72463.txt
0/73c1df38e9a9.wav,0/73c1df38e9a9.txt
0/73e6733a6aaa.wav,0/73e6733a6aaa.txt
0/73ed7cd6cc5a.wav,0/73ed7cd6cc5a.txt
0/74b97b732d6d.wav,0/74b97b732d6d.txt
0/74e6064d6936.wav,0/74e6064d6936.txt
0/74e8155768dc.wav,0/74e8155768dc.txt
0/74ec588906e0.wav,0/74ec588906e0.txt
0/74faf4a5eb64.wav,0/74faf4a5eb64.txt
0/75a1e1208b57.wav,0/75a1e1208b57.txt
0/75ae9b8bd135.wav,0/75ae9b8bd135.txt
0/75b8ea7eacd7.wav,0/75b8ea7eacd7.txt
0/75db651e7703.wav,0/75db651e7703.txt
0/76d43844aa33.wav,0/76d43844aa33.txt
0/77e8ffaed700.wav,0/77e8ffaed700.txt
0/78c5e9351b3b.wav,0/78c5e9351b3b.txt
0/79a25edd6b6c.wav,0/79a25edd6b6c.txt
0/79b4f214ccfa.wav,0/79b4f214ccfa.txt
0/79b92c5b2b57.wav,0/79b92c5b2b57.txt
0/79c540a8f701.wav,0/79c540a8f701.txt
0/79fca073cbd4.wav,0/79fca073cbd4.txt
0/80d797504c35.wav,0/80d797504c35.txt
0/80dee4fc2364.wav,0/80dee4fc2364.txt
0/81c3555dec2c.wav,0/81c3555dec2c.txt
0/81f4129e3418.wav,0/81f4129e3418.txt
0/83a45163b577.wav,0/83a45163b577.txt
0/83bb6d45b581.wav,0/83bb6d45b581.txt
0/84eb49384fb4.wav,0/84eb49384fb4.txt
0/84f53bb8385a.wav,0/84f53bb8385a.txt
0/84f360197e1b.wav,0/84f360197e1b.txt
0/85ec062117d5.wav,0/85ec062117d5.txt
0/85f60cba90bb.wav,0/85f60cba90bb.txt
0/86b744290f02.wav,0/86b744290f02.txt
0/088c11116512.wav,0/088c11116512.txt
0/88a921790fe9.wav,0/88a921790fe9.txt
0/88ae7e1ff743.wav,0/88ae7e1ff743.txt
0/88fe0af676cf.wav,0/88fe0af676cf.txt
0/089be1119671.wav,0/089be1119671.txt
0/89a9582dff87.wav,0/89a9582dff87.txt
0/89c004d63d11.wav,0/89c004d63d11.txt
0/090d0617e2db.wav,0/090d0617e2db.txt
0/91a7d2f35cc3.wav,0/91a7d2f35cc3.txt
0/91abbc724dd7.wav,0/91abbc724dd7.txt
0/91ae29888ac5.wav,0/91ae29888ac5.txt
0/91b2a22ae9ff.wav,0/91b2a22ae9ff.txt
0/91f130967d6b.wav,0/91f130967d6b.txt
0/92c4ed8e685b.wav,0/92c4ed8e685b.txt
0/92ce873f54b9.wav,0/92ce873f54b9.txt
0/92ecc2c1754e.wav,0/92ecc2c1754e.txt
0/93d350e8ad36.wav,0/93d350e8ad36.txt
0/94c2feabb52c.wav,0/94c2feabb52c.txt
0/94d3bee8e1e1.wav,0/94d3bee8e1e1.txt
0/94d70e093582.wav,0/94d70e093582.txt
0/95f358b67e3e.wav,0/95f358b67e3e.txt
0/96e9c726e67a.wav,0/96e9c726e67a.txt
0/96ea307f6f13.wav,0/96ea307f6f13.txt
0/96f4e4034994.wav,0/96f4e4034994.txt
0/97a64b7a3b8b.wav,0/97a64b7a3b8b.txt
0/97a6554f73ec.wav,0/97a6554f73ec.txt
0/97dd5ebccad5.wav,0/97dd5ebccad5.txt
0/97e536c81b5f.wav,0/97e536c81b5f.txt
0/98ae29c778dc.wav,0/98ae29c778dc.txt
0/98b0fc0d4676.wav,0/98b0fc0d4676.txt
0/98bf2dc6f865.wav,0/98bf2dc6f865.txt
0/98bfebdec84c.wav,0/98bfebdec84c.txt
0/98dabe9edd13.wav,0/98dabe9edd13.txt
0/099ff027b2a3.wav,0/099ff027b2a3.txt
0/99bc65e251d8.wav,0/99bc65e251d8.txt
0/99dd2eb02e1f.wav,0/99dd2eb02e1f.txt
0/103b8c7fd0da.wav,0/103b8c7fd0da.txt
0/104edcd9fd95.wav,0/104edcd9fd95.txt
0/116d6fd50f98.wav,0/116d6fd50f98.txt
0/116f65219146.wav,0/116f65219146.txt
0/123c041be751.wav,0/123c041be751.txt
0/124a80fb4400.wav,0/124a80fb4400.txt
0/125a7a4b737a.wav,0/125a7a4b737a.txt
0/127e470ce791.wav,0/127e470ce791.txt
0/130cf0b3d4bb.wav,0/130cf0b3d4bb.txt
0/135dcd4613ee.wav,0/135dcd4613ee.txt
0/140cfc9475cf.wav,0/140cfc9475cf.txt
0/144b8ff4ec8c.wav,0/144b8ff4ec8c.txt
0/149cd93c087f.wav,0/149cd93c087f.txt
0/155a0f9b8d99.wav,0/155a0f9b8d99.txt
0/156b09e6bb6a.wav,0/156b09e6bb6a.txt
0/158c7abab06f.wav,0/158c7abab06f.txt
0/165d7827751f.wav,0/165d7827751f.txt
0/00166ac4e814.wav,0/00166ac4e814.txt
0/175b471b7fb7.wav,0/175b471b7fb7.txt
0/177d32316d1f.wav,0/177d32316d1f.txt
0/182ff10f8537.wav,0/182ff10f8537.txt
0/186e728d0484.wav,0/186e728d0484.txt
0/195ae2bf4e95.wav,0/195ae2bf4e95.txt
0/0204f8d79a6f.wav,0/0204f8d79a6f.txt
0/204f73ab98df.wav,0/204f73ab98df.txt
0/216d2a637793.wav,0/216d2a637793.txt
0/219c2fdc2167.wav,0/219c2fdc2167.txt
0/220c7bac6aa1.wav,0/220c7bac6aa1.txt
0/223c6f805698.wav,0/223c6f805698.txt
0/227f62cbc736.wav,0/227f62cbc736.txt
0/231b7aa01fde.wav,0/231b7aa01fde.txt
0/231fcef3000a.wav,0/231fcef3000a.txt
0/238c7b5c1301.wav,0/238c7b5c1301.txt
0/242fcd3382bc.wav,0/242fcd3382bc.txt
0/279ae87764e8.wav,0/279ae87764e8.txt
0/281e6d7a7cc8.wav,0/281e6d7a7cc8.txt
0/283d2f1281f7.wav,0/283d2f1281f7.txt
0/292b534e8855.wav,0/292b534e8855.txt
0/292f298b7336.wav,0/292f298b7336.txt
0/301c72f5f07c.wav,0/301c72f5f07c.txt
0/316a7ad34224.wav,0/316a7ad34224.txt
0/316d2ed51ab7.wav,0/316d2ed51ab7.txt
0/330b8d29d517.wav,0/330b8d29d517.txt
0/342f3ef94121.wav,0/342f3ef94121.txt
0/343c115ebb3f.wav,0/343c115ebb3f.txt
0/344dc2808728.wav,0/344dc2808728.txt
0/350f3dd00ac1.wav,0/350f3dd00ac1.txt
0/353bfc790cfb.wav,0/353bfc790cfb.txt
0/359f29ed28b5.wav,0/359f29ed28b5.txt
0/362efdbc7107.wav,0/362efdbc7107.txt
0/363de0e15c13.wav,0/363de0e15c13.txt
0/366f7f16497c.wav,0/366f7f16497c.txt
0/372c7e06ff90.wav,0/372c7e06ff90.txt
0/391fbd1c3b8e.wav,0/391fbd1c3b8e.txt
0/394cf9843eed.wav,0/394cf9843eed.txt
0/399d1332d1cc.wav,0/399d1332d1cc.txt
0/405e7a4997ad.wav,0/405e7a4997ad.txt
0/408d01ad2a10.wav,0/408d01ad2a10.txt
0/410d7974ded1.wav,0/410d7974ded1.txt
0/415c0410db49.wav,0/415c0410db49.txt
0/421e05c306f3.wav,0/421e05c306f3.txt
0/422db81c507d.wav,0/422db81c507d.txt
0/425e138e9bd1.wav,0/425e138e9bd1.txt
0/426a6bd11723.wav,0/426a6bd11723.txt
0/430bbc7e1a86.wav,0/430bbc7e1a86.txt
0/445d921358f6.wav,0/445d921358f6.txt
0/446fbc0f6e13.wav,0/446fbc0f6e13.txt
0/448b3535fe5c.wav,0/448b3535fe5c.txt
0/452f6137217c.wav,0/452f6137217c.txt
0/470c96beca8f.wav,0/470c96beca8f.txt
0/488eabdd0127.wav,0/488eabdd0127.txt
0/510c6746a258.wav,0/510c6746a258.txt
0/511e6c53327d.wav,0/511e6c53327d.txt
0/521c152a4fe0.wav,0/521c152a4fe0.txt
0/525f8065c1c4.wav,0/525f8065c1c4.txt
0/533e587191e1.wav,0/533e587191e1.txt
0/538dad9426f2.wav,0/538dad9426f2.txt
0/541ec7159c04.wav,0/541ec7159c04.txt
0/546a78cef171.wav,0/546a78cef171.txt
0/555da12ceae6.wav,0/555da12ceae6.txt
0/0557bab140a5.wav,0/0557bab140a5.txt
0/557b9c0c5066.wav,0/557b9c0c5066.txt
0/559ccb60f75f.wav,0/559ccb60f75f.txt
0/567c07092fde.wav,0/567c07092fde.txt
0/570de754e117.wav,0/570de754e117.txt
0/578faa728abe.wav,0/578faa728abe.txt
0/579bc6097304.wav,0/579bc6097304.txt
0/585dd2b8c3fc.wav,0/585dd2b8c3fc.txt
0/591a7b8ec72c.wav,0/591a7b8ec72c.txt
0/600ab741ebf2.wav,0/600ab741ebf2.txt
0/601f43e329fe.wav,0/601f43e329fe.txt
0/605afbea921c.wav,0/605afbea921c.txt
0/614a774173ed.wav,0/614a774173ed.txt
0/614afebc7f13.wav,0/614afebc7f13.txt
0/623d177cafa6.wav,0/623d177cafa6.txt
0/634fc2c13c95.wav,0/634fc2c13c95.txt
0/635d4648575a.wav,0/635d4648575a.txt
0/638b856dc3f8.wav,0/638b856dc3f8.txt
0/0647dcc2a69c.wav,0/0647dcc2a69c.txt
0/650cbf23bae0.wav,0/650cbf23bae0.txt
0/675ca3430f7a.wav,0/675ca3430f7a.txt
0/678c39741d5c.wav,0/678c39741d5c.txt
0/678ce6970298.wav,0/678ce6970298.txt
0/678d72f96974.wav,0/678d72f96974.txt
0/689dadb426e9.wav,0/689dadb426e9.txt
0/701e452076b1.wav,0/701e452076b1.txt
0/709b472a2aba.wav,0/709b472a2aba.txt
0/709d190bdf64.wav,0/709d190bdf64.txt
0/709f270b45ee.wav,0/709f270b45ee.txt
0/722ab10c042c.wav,0/722ab10c042c.txt
0/735d9f265af5.wav,0/735d9f265af5.txt
0/736ed34d01d3.wav,0/736ed34d01d3.txt
0/738e66354981.wav,0/738e66354981.txt
0/747b07f4b4d0.wav,0/747b07f4b4d0.txt
0/0757ba61e750.wav,0/0757ba61e750.txt
0/766a4adbd3ee.wav,0/766a4adbd3ee.txt
0/766e94528563.wav,0/766e94528563.txt
0/770f956f652a.wav,0/770f956f652a.txt
0/775e6637d26e.wav,0/775e6637d26e.txt
0/777cae310399.wav,0/777cae310399.txt
0/780a393acb4f.wav,0/780a393acb4f.txt
0/781deb044801.wav,0/781deb044801.txt
0/816bebe45d14.wav,0/816bebe45d14.txt
0/819f14859c66.wav,0/819f14859c66.txt
0/820ef20994b8.wav,0/820ef20994b8.txt
0/823d01e7307d.wav,0/823d01e7307d.txt
0/824e75ff3976.wav,0/824e75ff3976.txt
0/842bca0f78c4.wav,0/842bca0f78c4.txt
0/846b1ef08260.wav,0/846b1ef08260.txt
0/851b2298b33e.wav,0/851b2298b33e.txt
0/854cd99185a2.wav,0/854cd99185a2.txt
0/857c116d6508.wav,0/857c116d6508.txt
0/860d2bc970e0.wav,0/860d2bc970e0.txt
0/862cdf05d679.wav,0/862cdf05d679.txt
0/867e7e6644a5.wav,0/867e7e6644a5.txt
0/874e4736fb23.wav,0/874e4736fb23.txt
0/879c98b51202.wav,0/879c98b51202.txt
0/889b8ac8b7c8.wav,0/889b8ac8b7c8.txt
0/894c7f815568.wav,0/894c7f815568.txt
0/897dab9594d2.wav,0/897dab9594d2.txt
0/899bdb19c109.wav,0/899bdb19c109.txt
0/904ee363283a.wav,0/904ee363283a.txt
0/913f1a363697.wav,0/913f1a363697.txt
0/922dfca85909.wav,0/922dfca85909.txt
0/924ec724f8c8.wav,0/924ec724f8c8.txt
0/928fca0f8669.wav,0/928fca0f8669.txt
0/929afc73c273.wav,0/929afc73c273.txt
0/935d72dc3c05.wav,0/935d72dc3c05.txt
0/936cc89cfb6e.wav,0/936cc89cfb6e.txt
0/0938a77c20f9.wav,0/0938a77c20f9.txt
0/948c14d69f88.wav,0/948c14d69f88.txt
0/951cb29e4310.wav,0/951cb29e4310.txt
0/951deaf52fc3.wav,0/951deaf52fc3.txt
0/953dffddffc6.wav,0/953dffddffc6.txt
0/958bc1d1bde4.wav,0/958bc1d1bde4.txt
0/970ea3fc8e2e.wav,0/970ea3fc8e2e.txt
0/979dda677829.wav,0/979dda677829.txt
0/998fb8f4b1a4.wav,0/998fb8f4b1a4.txt
0/1045fce7ac51.wav,0/1045fce7ac51.txt
0/1049b8c3e347.wav,0/1049b8c3e347.txt
0/1099c9739146.wav,0/1099c9739146.txt
0/1127b7d20814.wav,0/1127b7d20814.txt
0/1244a28e3e10.wav,0/1244a28e3e10.txt
0/1313aba41504.wav,0/1313aba41504.txt
0/1372be713010.wav,0/1372be713010.txt
0/1430e085108b.wav,0/1430e085108b.txt
0/1439a92e1fe0.wav,0/1439a92e1fe0.txt
0/1446bf6a542a.wav,0/1446bf6a542a.txt
0/1597cc8355b3.wav,0/1597cc8355b3.txt
0/1601a79a2717.wav,0/1601a79a2717.txt
0/1737e0432ca8.wav,0/1737e0432ca8.txt
0/1842e72cf2d5.wav,0/1842e72cf2d5.txt
0/1902a8c7f2c0.wav,0/1902a8c7f2c0.txt
0/1926e16981fe.wav,0/1926e16981fe.txt
0/2130f3a1a1bc.wav,0/2130f3a1a1bc.txt
0/2198da4f484d.wav,0/2198da4f484d.txt
0/02214a4fdcc8.wav,0/02214a4fdcc8.txt
0/2287df997f50.wav,0/2287df997f50.txt
0/2430ef08aa53.wav,0/2430ef08aa53.txt
0/2456e301eefe.wav,0/2456e301eefe.txt
0/3079ce8a516b.wav,0/3079ce8a516b.txt
0/3085c51d640b.wav,0/3085c51d640b.txt
0/3145a83a8c2a.wav,0/3145a83a8c2a.txt
0/03738e1123a3.wav,0/03738e1123a3.txt
0/3887d01e43fb.wav,0/3887d01e43fb.txt
0/3958ce3100c8.wav,0/3958ce3100c8.txt
0/04012dc94f3a.wav,0/04012dc94f3a.txt
0/4018c85de84b.wav,0/4018c85de84b.txt
0/4091dd345952.wav,0/4091dd345952.txt
0/4171ae46a614.wav,0/4171ae46a614.txt
0/4352b21c349e.wav,0/4352b21c349e.txt
0/4616e4428c22.wav,0/4616e4428c22.txt
0/5008fd4db8d6.wav,0/5008fd4db8d6.txt
0/05168f09bd64.wav,0/05168f09bd64.txt
0/5193e3128594.wav,0/5193e3128594.txt
0/5289a0106718.wav,0/5289a0106718.txt
0/5420e59827d5.wav,0/5420e59827d5.txt
0/5438f18b67aa.wav,0/5438f18b67aa.txt
0/5541d10d5569.wav,0/5541d10d5569.txt
0/5567b5b941a2.wav,0/5567b5b941a2.txt
0/5595b8a90d82.wav,0/5595b8a90d82.txt
0/5624a099a3d9.wav,0/5624a099a3d9.txt
0/5646acf20d4a.wav,0/5646acf20d4a.txt
0/5675b0ca3061.wav,0/5675b0ca3061.txt
0/5884c1e0033e.wav,0/5884c1e0033e.txt
0/6069aa449d8b.wav,0/6069aa449d8b.txt
0/6110c1495964.wav,0/6110c1495964.txt
0/06737d076397.wav,0/06737d076397.txt
0/6900a7ba1095.wav,0/6900a7ba1095.txt
0/6936becce8f2.wav,0/6936becce8f2.txt
0/6956b5255868.wav,0/6956b5255868.txt
0/6966ba4d3df4.wav,0/6966ba4d3df4.txt
0/6978feefbad7.wav,0/6978feefbad7.txt
0/7021ff40df88.wav,0/7021ff40df88.txt
0/7071b9f74071.wav,0/7071b9f74071.txt
0/7111e143b913.wav,0/7111e143b913.txt
0/7131c79d75c6.wav,0/7131c79d75c6.txt
0/7182f392da65.wav,0/7182f392da65.txt
0/7205dd21aff6.wav,0/7205dd21aff6.txt
0/7215fb6a9f04.wav,0/7215fb6a9f04.txt
0/7267adb5fb2b.wav,0/7267adb5fb2b.txt
0/7676f55340f7.wav,0/7676f55340f7.txt
0/7826b7724c86.wav,0/7826b7724c86.txt
0/7828f9b4a5d4.wav,0/7828f9b4a5d4.txt
0/07879b8e25e3.wav,0/07879b8e25e3.txt
0/7927a0ba451a.wav,0/7927a0ba451a.txt
0/7947baa9e0da.wav,0/7947baa9e0da.txt
0/8103e69377ef.wav,0/8103e69377ef.txt
0/8188b3f7b4d7.wav,0/8188b3f7b4d7.txt
0/8220f02f4410.wav,0/8220f02f4410.txt
0/8643a544ad54.wav,0/8643a544ad54.txt
0/8692e91ca2b7.wav,0/8692e91ca2b7.txt
0/8859e7735dcb.wav,0/8859e7735dcb.txt
0/8888b9bf57f0.wav,0/8888b9bf57f0.txt
0/8977eac16453.wav,0/8977eac16453.txt
0/9026c3eeff03.wav,0/9026c3eeff03.txt
0/9046d00a7e6b.wav,0/9046d00a7e6b.txt
0/9391e0a1ddfd.wav,0/9391e0a1ddfd.txt
0/9404ae46ad06.wav,0/9404ae46ad06.txt
0/9539f3946ce9.wav,0/9539f3946ce9.txt
0/9567c675bd4d.wav,0/9567c675bd4d.txt
0/9604b28b7336.wav,0/9604b28b7336.txt
0/9644ed34a0dc.wav,0/9644ed34a0dc.txt
0/9738fdea6a75.wav,0/9738fdea6a75.txt
0/9779e46d3ebb.wav,0/9779e46d3ebb.txt
0/9989a1d8375b.wav,0/9989a1d8375b.txt
0/11973de6831d.wav,0/11973de6831d.txt
0/12107cc7a79c.wav,0/12107cc7a79c.txt
0/14813c61f7bd.wav,0/14813c61f7bd.txt
0/16629f0d4b7d.wav,0/16629f0d4b7d.txt
0/16746a596d96.wav,0/16746a596d96.txt
0/17657b2663ff.wav,0/17657b2663ff.txt
0/31686a949dac.wav,0/31686a949dac.txt
0/34223ced2395.wav,0/34223ced2395.txt
0/035959f5bc7c.wav,0/035959f5bc7c.txt
0/39228f26e1b7.wav,0/39228f26e1b7.txt
0/39442d852ebc.wav,0/39442d852ebc.txt
0/40588a679b0f.wav,0/40588a679b0f.txt
0/43779c9145f8.wav,0/43779c9145f8.txt
0/47597f6c78fe.wav,0/47597f6c78fe.txt
0/48054dd3a63b.wav,0/48054dd3a63b.txt
0/48839cb8892d.wav,0/48839cb8892d.txt
0/49582fe48a68.wav,0/49582fe48a68.txt
0/49907f6b1bb3.wav,0/49907f6b1bb3.txt
0/50131b141882.wav,0/50131b141882.txt
0/51193e5e68fa.wav,0/51193e5e68fa.txt
0/53907d19ea8b.wav,0/53907d19ea8b.txt
0/55294d74ff86.wav,0/55294d74ff86.txt
0/57106c99966d.wav,0/57106c99966d.txt
0/57394c5883bc.wav,0/57394c5883bc.txt
0/57657a7490d3.wav,0/57657a7490d3.txt
0/59661b52c398.wav,0/59661b52c398.txt
0/60565b73b2ea.wav,0/60565b73b2ea.txt
0/64330bfbf0b3.wav,0/64330bfbf0b3.txt
0/65367fec0917.wav,0/65367fec0917.txt
0/66459df1c464.wav,0/66459df1c464.txt
0/68026b1a9538.wav,0/68026b1a9538.txt
0/69202d6ccf60.wav,0/69202d6ccf60.txt
0/69319fe7f87d.wav,0/69319fe7f87d.txt
0/70351d6e7951.wav,0/70351d6e7951.txt
0/70915b2ec2f8.wav,0/70915b2ec2f8.txt
0/72974fc11809.wav,0/72974fc11809.txt
0/73702b5a65b1.wav,0/73702b5a65b1.txt
0/79540eff96a8.wav,0/79540eff96a8.txt
0/84315baf7115.wav,0/84315baf7115.txt
0/85774cdf0329.wav,0/85774cdf0329.txt
0/86070afc3726.wav,0/86070afc3726.txt
0/87108a3c918b.wav,0/87108a3c918b.txt
0/87422a094714.wav,0/87422a094714.txt
0/89467bd8421b.wav,0/89467bd8421b.txt
0/90168b25287b.wav,0/90168b25287b.txt
0/92334f448f34.wav,0/92334f448f34.txt
0/93605b3426d6.wav,0/93605b3426d6.txt
0/093746cbb665.wav,0/093746cbb665.txt
0/94373b7040fb.wav,0/94373b7040fb.txt
0/94854d902d1e.wav,0/94854d902d1e.txt
0/97909a5f9c65.wav,0/97909a5f9c65.txt
0/98066b30e291.wav,0/98066b30e291.txt
0/98196fb1ea52.wav,0/98196fb1ea52.txt
0/110660b939a4.wav,0/110660b939a4.txt
0/132895dcd4e5.wav,0/132895dcd4e5.txt
0/142278f78e0f.wav,0/142278f78e0f.txt
0/167535dc5a90.wav,0/167535dc5a90.txt
0/251564e6b3a5.wav,0/251564e6b3a5.txt
0/257162d8d907.wav,0/257162d8d907.txt
0/267659fc46d0.wav,0/267659fc46d0.txt
0/272577e14e4c.wav,0/272577e14e4c.txt
0/273239d8e587.wav,0/273239d8e587.txt
0/338161efa027.wav,0/338161efa027.txt
0/346597f9369a.wav,0/346597f9369a.txt
0/374614ba0c84.wav,0/374614ba0c84.txt
0/478204c79e9b.wav,0/478204c79e9b.txt
0/501457debbea.wav,0/501457debbea.txt
0/520998b5c29a.wav,0/520998b5c29a.txt
0/555908fbf161.wav,0/555908fbf161.txt
0/0604346f34bf.wav,0/0604346f34bf.txt
0/621207e1f887.wav,0/621207e1f887.txt
0/665723a97834.wav,0/665723a97834.txt
0/767215d2f9ba.wav,0/767215d2f9ba.txt
0/769869c39944.wav,0/769869c39944.txt
0/776841c3c64a.wav,0/776841c3c64a.txt
0/811335d515a0.wav,0/811335d515a0.txt
0/832234aafcb3.wav,0/832234aafcb3.txt
0/862040ebfccf.wav,0/862040ebfccf.txt
0/914157d51821.wav,0/914157d51821.txt
0/926147f4fb81.wav,0/926147f4fb81.txt
0/958006cfd689.wav,0/958006cfd689.txt
0/958275edc50d.wav,0/958275edc50d.txt
0/1514620b5bf2.wav,0/1514620b5bf2.txt
0/1596031e5d9d.wav,0/1596031e5d9d.txt
0/2083246bc8f5.wav,0/2083246bc8f5.txt
0/2214514fba32.wav,0/2214514fba32.txt
0/2296160f7371.wav,0/2296160f7371.txt
0/2384795cf2ee.wav,0/2384795cf2ee.txt
0/2795014ba224.wav,0/2795014ba224.txt
0/3040777d4ff4.wav,0/3040777d4ff4.txt
0/3079641f5d86.wav,0/3079641f5d86.txt
0/3818553b714c.wav,0/3818553b714c.txt
0/4574607b78e8.wav,0/4574607b78e8.txt
0/5040350dad64.wav,0/5040350dad64.txt
0/05066089eab6.wav,0/05066089eab6.txt
0/5146990af09b.wav,0/5146990af09b.txt
0/05298762a3fa.wav,0/05298762a3fa.txt
0/6588435d2bd4.wav,0/6588435d2bd4.txt
0/7211618b4994.wav,0/7211618b4994.txt
0/07224087fb9d.wav,0/07224087fb9d.txt
0/7953870ccac9.wav,0/7953870ccac9.txt
0/8084571d9e86.wav,0/8084571d9e86.txt
0/8254399c10e4.wav,0/8254399c10e4.txt
0/9045277f2a8f.wav,0/9045277f2a8f.txt
0/9713809ae023.wav,0/9713809ae023.txt
0/09750015d168.wav,0/09750015d168.txt
0/12304701c03d.wav,0/12304701c03d.txt
0/13589775c14f.wav,0/13589775c14f.txt
0/19870914ad60.wav,0/19870914ad60.txt
0/24899003b909.wav,0/24899003b909.txt
0/30663502bb8d.wav,0/30663502bb8d.txt
0/039417458ae5.wav,0/039417458ae5.txt
0/52885482fd9b.wav,0/52885482fd9b.txt
0/65274411f0cf.wav,0/65274411f0cf.txt
0/69866715cac0.wav,0/69866715cac0.txt
0/0082376758a0.wav,0/0082376758a0.txt
0/92507210e3b8.wav,0/92507210e3b8.txt
0/94891398a398.wav,0/94891398a398.txt
0/127229400eda.wav,0/127229400eda.txt
0/165762970a59.wav,0/165762970a59.txt
0/293594491cf5.wav,0/293594491cf5.txt
0/494487711c8e.wav,0/494487711c8e.txt
0/562203105d43.wav,0/562203105d43.txt
0/582409612ba8.wav,0/582409612ba8.txt
0/865418812b49.wav,0/865418812b49.txt
0/888227525f19.wav,0/888227525f19.txt
0/1000868902e4.wav,0/1000868902e4.txt
0/5025613526ce.wav,0/5025613526ce.txt
0/5338540254b2.wav,0/5338540254b2.txt
0/7244250558e4.wav,0/7244250558e4.txt
0/7333518543c3.wav,0/7333518543c3.txt
0/9015864742ca.wav,0/9015864742ca.txt
0/9456870694f5.wav,0/9456870694f5.txt
0/9539051211a1.wav,0/9539051211a1.txt
0/11241884261b.wav,0/11241884261b.txt
0/014963709095.wav,0/014963709095.txt
0/31383271551b.wav,0/31383271551b.txt
0/39032397117e.wav,0/39032397117e.txt
0/054938856362.wav,0/054938856362.txt
0/87710442706c.wav,0/87710442706c.txt
0/151031955130.wav,0/151031955130.txt
0/606029395406.wav,0/606029395406.txt
0/687862529516.wav,0/687862529516.txt
0/856480287991.wav,0/856480287991.txt
0/a00a3c48b0d4.wav,0/a00a3c48b0d4.txt
0/a0da05f3b30d.wav,0/a0da05f3b30d.txt
0/a0ea24fefa6c.wav,0/a0ea24fefa6c.txt
0/a0ee1f1cefb3.wav,0/a0ee1f1cefb3.txt
0/a1c4b6a57010.wav,0/a1c4b6a57010.txt
0/a1e44e986b82.wav,0/a1e44e986b82.txt
0/a02fd139d812.wav,0/a02fd139d812.txt
0/a2b07a7f8a5d.wav,0/a2b07a7f8a5d.txt
0/a2cd70b3de33.wav,0/a2cd70b3de33.txt
0/a3a014792761.wav,0/a3a014792761.txt
0/a3def6ac787c.wav,0/a3def6ac787c.txt
0/a4a178d98a4f.wav,0/a4a178d98a4f.txt
0/a4ce65bfe113.wav,0/a4ce65bfe113.txt
0/a5a71180f7e7.wav,0/a5a71180f7e7.txt
0/a5c0311230b6.wav,0/a5c0311230b6.txt
0/a6aa623b2e07.wav,0/a6aa623b2e07.txt
0/a6ba0c40d7cc.wav,0/a6ba0c40d7cc.txt
0/a7cc176abcaf.wav,0/a7cc176abcaf.txt
0/a8f718ae2a8f.wav,0/a8f718ae2a8f.txt
0/a8fb1366f1bd.wav,0/a8fb1366f1bd.txt
0/a9abaa466863.wav,0/a9abaa466863.txt
0/a9b0d785d686.wav,0/a9b0d785d686.txt
0/a9cf57043083.wav,0/a9cf57043083.txt
0/a17dfdbc3ded.wav,0/a17dfdbc3ded.txt
0/a25c26ecc6a8.wav,0/a25c26ecc6a8.txt
0/a31ff72d4a75.wav,0/a31ff72d4a75.txt
0/a039ca744dbf.wav,0/a039ca744dbf.txt
0/a41aa2f83f4c.wav,0/a41aa2f83f4c.txt
0/a52dbef417e3.wav,0/a52dbef417e3.txt
0/a53be8a28603.wav,0/a53be8a28603.txt
0/a55c281a799c.wav,0/a55c281a799c.txt
0/a60b9799e957.wav,0/a60b9799e957.txt
0/a60d0ac050c7.wav,0/a60d0ac050c7.txt
0/a67b7d30b831.wav,0/a67b7d30b831.txt
0/a73d9d8a183a.wav,0/a73d9d8a183a.txt
0/a74c4c5ce432.wav,0/a74c4c5ce432.txt
0/a75f1888d90f.wav,0/a75f1888d90f.txt
0/a77d912342b1.wav,0/a77d912342b1.txt
0/a84ac52e6a0b.wav,0/a84ac52e6a0b.txt
0/a84bf362caf3.wav,0/a84bf362caf3.txt
0/a86f51fc86ba.wav,0/a86f51fc86ba.txt
0/a87f1c1e0173.wav,0/a87f1c1e0173.txt
0/a88ff33d1a55.wav,0/a88ff33d1a55.txt
0/a89d470b945c.wav,0/a89d470b945c.txt
0/a92e23ebb253.wav,0/a92e23ebb253.txt
0/a92fc7dc0536.wav,0/a92fc7dc0536.txt
0/a93e3c5366ee.wav,0/a93e3c5366ee.txt
0/a0099eeb3662.wav,0/a0099eeb3662.txt
0/a117c2e923e8.wav,0/a117c2e923e8.txt
0/a131b7192301.wav,0/a131b7192301.txt
0/a134b1d28896.wav,0/a134b1d28896.txt
0/a152baf101f1.wav,0/a152baf101f1.txt
0/a376b04919d5.wav,0/a376b04919d5.txt
0/a397aab4ef03.wav,0/a397aab4ef03.txt
0/a548ac6ec6e9.wav,0/a548ac6ec6e9.txt
0/a585bf0a512b.wav,0/a585bf0a512b.txt
0/a836ce0e9f4d.wav,0/a836ce0e9f4d.txt
0/a879bf98dc43.wav,0/a879bf98dc43.txt
0/a954b1074fc5.wav,0/a954b1074fc5.txt
0/a1614c7f4945.wav,0/a1614c7f4945.txt
0/a4027f36907e.wav,0/a4027f36907e.txt
0/a05193c5976b.wav,0/a05193c5976b.txt
0/a6549a697ec4.wav,0/a6549a697ec4.txt
0/a007400a4de5.wav,0/a007400a4de5.txt
0/a7954b306cc2.wav,0/a7954b306cc2.txt
0/a9054d0d7adc.wav,0/a9054d0d7adc.txt
0/a9914d458f7b.wav,0/a9914d458f7b.txt
0/a40617c56934.wav,0/a40617c56934.txt
0/a65871ade662.wav,0/a65871ade662.txt
0/a228355e905b.wav,0/a228355e905b.txt
0/a4378568e72a.wav,0/a4378568e72a.txt
0/a6294769a37b.wav,0/a6294769a37b.txt
0/a6524745bd81.wav,0/a6524745bd81.txt
0/a39693792685.wav,0/a39693792685.txt
0/aa9bb0c32518.wav,0/aa9bb0c32518.txt
0/aa84a28fbd41.wav,0/aa84a28fbd41.txt
0/aaa44734f1e7.wav,0/aaa44734f1e7.txt
0/aac38bf19648.wav,0/aac38bf19648.txt
0/aac230821dbf.wav,0/aac230821dbf.txt
0/aafb08829ffa.wav,0/aafb08829ffa.txt
0/ab5fa2aad8cc.wav,0/ab5fa2aad8cc.txt
0/ab6df0d01d01.wav,0/ab6df0d01d01.txt
0/ab8ab42d034a.wav,0/ab8ab42d034a.txt
0/ab7208b943ea.wav,0/ab7208b943ea.txt
0/abb0b2440a01.wav,0/abb0b2440a01.txt
0/abf70358e8b6.wav,0/abf70358e8b6.txt
0/ac0ff86ca17c.wav,0/ac0ff86ca17c.txt
0/ac1b5893112f.wav,0/ac1b5893112f.txt
0/ac063df567a5.wav,0/ac063df567a5.txt
0/ac236780b569.wav,0/ac236780b569.txt
0/ac674625e637.wav,0/ac674625e637.txt
0/ac825629ee3f.wav,0/ac825629ee3f.txt
0/acb8e2b9a4f4.wav,0/acb8e2b9a4f4.txt
0/acdc8dc346b9.wav,0/acdc8dc346b9.txt
0/acf0e7c56701.wav,0/acf0e7c56701.txt
0/acf699eea525.wav,0/acf699eea525.txt
0/ad10c370d875.wav,0/ad10c370d875.txt
0/ad80b8a4eb55.wav,0/ad80b8a4eb55.txt
0/ad96e905106e.wav,0/ad96e905106e.txt
0/ad193b197fa1.wav,0/ad193b197fa1.txt
0/ad3179f2f22f.wav,0/ad3179f2f22f.txt
0/ad12653f6dab.wav,0/ad12653f6dab.txt
0/ad3450968dd5.wav,0/ad3450968dd5.txt
0/ada5e46ea6c7.wav,0/ada5e46ea6c7.txt
0/adf7ecf981c9.wav,0/adf7ecf981c9.txt
0/ae0c9049087f.wav,0/ae0c9049087f.txt
0/ae9fff135158.wav,0/ae9fff135158.txt
0/ae40b1880aaa.wav,0/ae40b1880aaa.txt
0/ae579cbc6632.wav,0/ae579cbc6632.txt
0/ae720eb5b7e5.wav,0/ae720eb5b7e5.txt
0/aec103a30d66.wav,0/aec103a30d66.txt
0/aef70176f205.wav,0/aef70176f205.txt
0/af3b1f70d4cf.wav,0/af3b1f70d4cf.txt
0/af3dfba70278.wav,0/af3dfba70278.txt
0/af119f27aae4.wav,0/af119f27aae4.txt
0/af321a9233a1.wav,0/af321a9233a1.txt
0/afad57e7cffa.wav,0/afad57e7cffa.txt
0/afaef6254f07.wav,0/afaef6254f07.txt
0/afba39000aa7.wav,0/afba39000aa7.txt
0/b0a0b58ffb43.wav,0/b0a0b58ffb43.txt
0/b0ac7cfe5d8c.wav,0/b0ac7cfe5d8c.txt
0/b0deed744fc3.wav,0/b0deed744fc3.txt
0/b1f42adfa895.wav,0/b1f42adfa895.txt
0/b2b89610a8b7.wav,0/b2b89610a8b7.txt
0/b2c6c32c2fd7.wav,0/b2c6c32c2fd7.txt
0/b2d226ea5341.wav,0/b2d226ea5341.txt
0/b2e9950c1923.wav,0/b2e9950c1923.txt
0/b2f4287f7a9c.wav,0/b2f4287f7a9c.txt
0/b2fce5996909.wav,0/b2fce5996909.txt
0/b3c5459840af.wav,0/b3c5459840af.txt
0/b3d2fc66610f.wav,0/b3d2fc66610f.txt
0/b3d0020d1414.wav,0/b3d0020d1414.txt
0/b3ec5ca5014f.wav,0/b3ec5ca5014f.txt
0/b3f142c44c1d.wav,0/b3f142c44c1d.txt
0/b4eb87ca5ef7.wav,0/b4eb87ca5ef7.txt
0/b5a7d30f08b9.wav,0/b5a7d30f08b9.txt
0/b5fcc3cf4311.wav,0/b5fcc3cf4311.txt
0/b6d35dcc7291.wav,0/b6d35dcc7291.txt
0/b7a932eef524.wav,0/b7a932eef524.txt
0/b7c91cba4ebc.wav,0/b7c91cba4ebc.txt
0/b7c5791d32a8.wav,0/b7c5791d32a8.txt
0/b7d8935b3172.wav,0/b7d8935b3172.txt
0/b8b1f9862d30.wav,0/b8b1f9862d30.txt
0/b8b604be8d83.wav,0/b8b604be8d83.txt
0/b8ce4330c089.wav,0/b8ce4330c089.txt
0/b9a8f5e541c1.wav,0/b9a8f5e541c1.txt
0/b9aa55f93df3.wav,0/b9aa55f93df3.txt
0/b9e4306e9355.wav,0/b9e4306e9355.txt
0/b19d904bf32d.wav,0/b19d904bf32d.txt
0/b26c9cfcccd7.wav,0/b26c9cfcccd7.txt
0/b48b0f7c50a1.wav,0/b48b0f7c50a1.txt
0/b053b077fffc.wav,0/b053b077fffc.txt
0/b57cffc6b701.wav,0/b57cffc6b701.txt
0/b066a39a4dc4.wav,0/b066a39a4dc4.txt
0/b069dbbd3c71.wav,0/b069dbbd3c71.txt
0/b74da1556fed.wav,0/b74da1556fed.txt
0/b77dfcbfabc4.wav,0/b77dfcbfabc4.txt
0/b87c36fd9426.wav,0/b87c36fd9426.txt
0/b094b52e4340.wav,0/b094b52e4340.txt
0/b98f555d20bc.wav,0/b98f555d20bc.txt
0/b245f0b03a61.wav,0/b245f0b03a61.txt
0/b252cdc0c3ca.wav,0/b252cdc0c3ca.txt
0/b496a6959b3d.wav,0/b496a6959b3d.txt
0/b570e81890ea.wav,0/b570e81890ea.txt
0/b829dba8c440.wav,0/b829dba8c440.txt
0/b3014a7587e2.wav,0/b3014a7587e2.txt
0/b3331bbfa9a5.wav,0/b3331bbfa9a5.txt
0/b4927ed75e82.wav,0/b4927ed75e82.txt
0/b6338afbbd16.wav,0/b6338afbbd16.txt
0/b9973df500ee.wav,0/b9973df500ee.txt
0/b17267d7e100.wav,0/b17267d7e100.txt
0/b26678dac503.wav,0/b26678dac503.txt
0/b46421a74338.wav,0/b46421a74338.txt
0/b56997ebb8ae.wav,0/b56997ebb8ae.txt
0/b72658daaa75.wav,0/b72658daaa75.txt
0/b81523e395bb.wav,0/b81523e395bb.txt
0/b566016f3d2d.wav,0/b566016f3d2d.txt
0/b3234120fd69.wav,0/b3234120fd69.txt
0/b09528907bd9.wav,0/b09528907bd9.txt
0/b216373020e5.wav,0/b216373020e5.txt
0/b1387713026e.wav,0/b1387713026e.txt
0/b8922613673e.wav,0/b8922613673e.txt
0/ba0b205b10d7.wav,0/ba0b205b10d7.txt
0/ba366b666153.wav,0/ba366b666153.txt
0/babd53e4c95d.wav,0/babd53e4c95d.txt
0/bacda92dd0ee.wav,0/bacda92dd0ee.txt
0/bad27f15483b.wav,0/bad27f15483b.txt
0/bae3921d733e.wav,0/bae3921d733e.txt
0/bb5f7a779fb4.wav,0/bb5f7a779fb4.txt
0/bb63b7211c77.wav,0/bb63b7211c77.txt
0/bbbe60a0d2f9.wav,0/bbbe60a0d2f9.txt
0/bbc7f83b5d83.wav,0/bbc7f83b5d83.txt
0/bbcb52a42079.wav,0/bbcb52a42079.txt
0/bc2a0c2735ae.wav,0/bc2a0c2735ae.txt
0/bc7e3f938d28.wav,0/bc7e3f938d28.txt
0/bc25e46ddfd0.wav,0/bc25e46ddfd0.txt
0/bc79fdc210c2.wav,0/bc79fdc210c2.txt
0/bc93b98a6883.wav,0/bc93b98a6883.txt
0/bc1911b1e25b.wav,0/bc1911b1e25b.txt
0/bcaf2fcf0381.wav,0/bcaf2fcf0381.txt
0/bcbcb5ac9ad8.wav,0/bcbcb5ac9ad8.txt
0/bd2b0e7c6b97.wav,0/bd2b0e7c6b97.txt
0/bd4f6d0c52a6.wav,0/bd4f6d0c52a6.txt
0/bdc14248867e.wav,0/bdc14248867e.txt
0/bddf6af1bd24.wav,0/bddf6af1bd24.txt
0/be614da6c91b.wav,0/be614da6c91b.txt
0/beb33f3dd70c.wav,0/beb33f3dd70c.txt
0/bebca4742925.wav,0/bebca4742925.txt
0/bef2e44ca5dd.wav,0/bef2e44ca5dd.txt
0/bef21f0b7d39.wav,0/bef21f0b7d39.txt
0/bef388a7d1e0.wav,0/bef388a7d1e0.txt
0/bf07f33b1e08.wav,0/bf07f33b1e08.txt
0/bf63dfe726c7.wav,0/bf63dfe726c7.txt
0/bf7753ed2cd6.wav,0/bf7753ed2cd6.txt
0/bf29504fb157.wav,0/bf29504fb157.txt
0/bfa2713d8f51.wav,0/bfa2713d8f51.txt
0/bfe46793e527.wav,0/bfe46793e527.txt
0/c0ecfd113347.wav,0/c0ecfd113347.txt
0/c1b87cc71573.wav,0/c1b87cc71573.txt
0/c1f07d8b2dae.wav,0/c1f07d8b2dae.txt
0/c002a8f3446e.wav,0/c002a8f3446e.txt
0/c3ac7f6d1fda.wav,0/c3ac7f6d1fda.txt
0/c3dd91fd359b.wav,0/c3dd91fd359b.txt
0/c4c0d3e0030a.wav,0/c4c0d3e0030a.txt
0/c5c9b462ca36.wav,0/c5c9b462ca36.txt
0/c5f8ac745d10.wav,0/c5f8ac745d10.txt
0/c6c26b36bc17.wav,0/c6c26b36bc17.txt
0/c6cfb5b7a6af.wav,0/c6cfb5b7a6af.txt
0/c7a670d874fd.wav,0/c7a670d874fd.txt
0/c7b216f804f5.wav,0/c7b216f804f5.txt
0/c7fc6aa52d5f.wav,0/c7fc6aa52d5f.txt
0/c8d1078f1c5c.wav,0/c8d1078f1c5c.txt
0/c9f37181fe1e.wav,0/c9f37181fe1e.txt
0/c11d413def62.wav,0/c11d413def62.txt
0/c29bc8a402f3.wav,0/c29bc8a402f3.txt
0/c33cf1153d39.wav,0/c33cf1153d39.txt
0/c35dcb7f7ac6.wav,0/c35dcb7f7ac6.txt
0/c36d852f373e.wav,0/c36d852f373e.txt
0/c37df005f846.wav,0/c37df005f846.txt
0/c38c229c4bac.wav,0/c38c229c4bac.txt
0/c41e5c1136b1.wav,0/c41e5c1136b1.txt
0/c44bfbc5d83d.wav,0/c44bfbc5d83d.txt
0/c47e6df2bf59.wav,0/c47e6df2bf59.txt
0/c70c654af8ea.wav,0/c70c654af8ea.txt
0/c071ad002686.wav,0/c071ad002686.txt
0/c76d3e0300b6.wav,0/c76d3e0300b6.txt
0/c80d68612299.wav,0/c80d68612299.txt
0/c86b6f0576fc.wav,0/c86b6f0576fc.txt
0/c97a8be8e7a7.wav,0/c97a8be8e7a7.txt
0/c99e13a2b212.wav,0/c99e13a2b212.txt
0/c184a75dfcd9.wav,0/c184a75dfcd9.txt
0/c436b1777302.wav,0/c436b1777302.txt
0/c450cc7d72f3.wav,0/c450cc7d72f3.txt
0/c487bbb27522.wav,0/c487bbb27522.txt
0/c778c40b5478.wav,0/c778c40b5478.txt
0/c898f4e4fae0.wav,0/c898f4e4fae0.txt
0/c949d9697481.wav,0/c949d9697481.txt
0/c2846da6bcc1.wav,0/c2846da6bcc1.txt
0/c4649d02bdbd.wav,0/c4649d02bdbd.txt
0/c78770e944af.wav,0/c78770e944af.txt
0/c131300fc469.wav,0/c131300fc469.txt
0/c521109f3d6c.wav,0/c521109f3d6c.txt
0/c1618305a465.wav,0/c1618305a465.txt
0/c3846460cb5f.wav,0/c3846460cb5f.txt
0/c04907587c1d.wav,0/c04907587c1d.txt
0/c17119992e84.wav,0/c17119992e84.txt
0/c60426587fcb.wav,0/c60426587fcb.txt
0/c69133388d2c.wav,0/c69133388d2c.txt
0/c99196247c10.wav,0/c99196247c10.txt
0/c664789074c6.wav,0/c664789074c6.txt
0/c883079518d3.wav,0/c883079518d3.txt
0/c03007962619.wav,0/c03007962619.txt
0/c21522411337.wav,0/c21522411337.txt
0/ca0fb7e4d4d2.wav,0/ca0fb7e4d4d2.txt
0/ca1dae66f27d.wav,0/ca1dae66f27d.txt
0/ca06b3d288d2.wav,0/ca06b3d288d2.txt
0/ca87dd6d0406.wav,0/ca87dd6d0406.txt
0/ca589d467e54.wav,0/ca589d467e54.txt
0/ca914b0ed92a.wav,0/ca914b0ed92a.txt
0/ca1046536233.wav,0/ca1046536233.txt
0/cadf20c7648e.wav,0/cadf20c7648e.txt
0/cafa891f1cea.wav,0/cafa891f1cea.txt
0/cb3e349558c7.wav,0/cb3e349558c7.txt
0/cb8dd2f1720d.wav,0/cb8dd2f1720d.txt
0/cb44d736b3e7.wav,0/cb44d736b3e7.txt
0/cbc5a7808278.wav,0/cbc5a7808278.txt
0/cbcc65d3e0e8.wav,0/cbcc65d3e0e8.txt
0/cbf3e7574065.wav,0/cbf3e7574065.txt
0/cbf55d2b8ed8.wav,0/cbf55d2b8ed8.txt
0/cbf350c6491c.wav,0/cbf350c6491c.txt
0/cc688ad0c85b.wav,0/cc688ad0c85b.txt
0/cc0819ed93a5.wav,0/cc0819ed93a5.txt
0/cc16309a5210.wav,0/cc16309a5210.txt
0/ccc7cb991915.wav,0/ccc7cb991915.txt
0/ccfdac9e0fff.wav,0/ccfdac9e0fff.txt
0/cd0a71b33110.wav,0/cd0a71b33110.txt
0/cd1c5404a0ed.wav,0/cd1c5404a0ed.txt
0/cd06cbf7a04f.wav,0/cd06cbf7a04f.txt
0/cddc554cbd03.wav,0/cddc554cbd03.txt
0/cdec9b186bc6.wav,0/cdec9b186bc6.txt
0/cdfd072abc61.wav,0/cdfd072abc61.txt
0/ce5cebf5db01.wav,0/ce5cebf5db01.txt
0/ce7b424d5686.wav,0/ce7b424d5686.txt
0/ce51ce3434ad.wav,0/ce51ce3434ad.txt
0/ce7972e78c02.wav,0/ce7972e78c02.txt
0/ce72666634d9.wav,0/ce72666634d9.txt
0/cea02cbc6b6a.wav,0/cea02cbc6b6a.txt
0/ced09c7175a9.wav,0/ced09c7175a9.txt
0/cf0f89a7e9b4.wav,0/cf0f89a7e9b4.txt
0/cf4f47c2ab81.wav,0/cf4f47c2ab81.txt
0/cfa4db580fac.wav,0/cfa4db580fac.txt
0/cff94434c60b.wav,0/cff94434c60b.txt
0/d00e14f94425.wav,0/d00e14f94425.txt
0/d01caea5f2bf.wav,0/d01caea5f2bf.txt
0/d1a51703a341.wav,0/d1a51703a341.txt
0/d1b415ba88e5.wav,0/d1b415ba88e5.txt
0/d1d87f52b43c.wav,0/d1d87f52b43c.txt
0/d1d708e1b8c1.wav,0/d1d708e1b8c1.txt
0/d2a6a42045ba.wav,0/d2a6a42045ba.txt
0/d2cedf765b5b.wav,0/d2cedf765b5b.txt
0/d2cfa9a144ed.wav,0/d2cfa9a144ed.txt
0/d2efd2ad1df6.wav,0/d2efd2ad1df6.txt
0/d2f8553812ba.wav,0/d2f8553812ba.txt
0/d2fb5a5d941a.wav,0/d2fb5a5d941a.txt
0/d3ad57c92990.wav,0/d3ad57c92990.txt
0/d3cd6578bf08.wav,0/d3cd6578bf08.txt
0/d3e8ca0d0c57.wav,0/d3e8ca0d0c57.txt
0/d3f431e72928.wav,0/d3f431e72928.txt
0/d4b87c943206.wav,0/d4b87c943206.txt
0/d4d602ad5873.wav,0/d4d602ad5873.txt
0/d4df8ee7f0b0.wav,0/d4df8ee7f0b0.txt
0/d5bc41a09772.wav,0/d5bc41a09772.txt
0/d5c6ee4252bc.wav,0/d5c6ee4252bc.txt
0/d5f99856fa5d.wav,0/d5f99856fa5d.txt
0/d6ae15ac1a15.wav,0/d6ae15ac1a15.txt
0/d6b58d809cc4.wav,0/d6b58d809cc4.txt
0/d6b72e926827.wav,0/d6b72e926827.txt
0/d6eb731a9a5f.wav,0/d6eb731a9a5f.txt
0/d7e809dd5026.wav,0/d7e809dd5026.txt
0/d7f7be561bb4.wav,0/d7f7be561bb4.txt
0/d8e21d625d87.wav,0/d8e21d625d87.txt
0/d9ff4205672a.wav,0/d9ff4205672a.txt
0/d0010eead1bd.wav,0/d0010eead1bd.txt
0/d13e13bcea9b.wav,0/d13e13bcea9b.txt
0/d14ff0a782ad.wav,0/d14ff0a782ad.txt
0/d17ce151e4b9.wav,0/d17ce151e4b9.txt
0/d23d01d33157.wav,0/d23d01d33157.txt
0/d24dadf43aad.wav,0/d24dadf43aad.txt
0/d25e608b25d4.wav,0/d25e608b25d4.txt
0/d28cb6d33060.wav,0/d28cb6d33060.txt
0/d28e2afc0893.wav,0/d28e2afc0893.txt
0/d32de32ebe9d.wav,0/d32de32ebe9d.txt
0/d33e929d77e6.wav,0/d33e929d77e6.txt
0/d41bff427d06.wav,0/d41bff427d06.txt
0/d41cfd213e37.wav,0/d41cfd213e37.txt
0/d51d6f3a803c.wav,0/d51d6f3a803c.txt
0/d71a3c1ad951.wav,0/d71a3c1ad951.txt
0/d73da44b0e11.wav,0/d73da44b0e11.txt
0/d80c25588258.wav,0/d80c25588258.txt
0/d82fb002abdf.wav,0/d82fb002abdf.txt
0/d85e05bdf4cd.wav,0/d85e05bdf4cd.txt
0/d88d9fe1ab17.wav,0/d88d9fe1ab17.txt
0/d90e860a48fa.wav,0/d90e860a48fa.txt
0/d93d25551be2.wav,0/d93d25551be2.txt
0/d138ce5956ca.wav,0/d138ce5956ca.txt
0/d162c5ab2571.wav,0/d162c5ab2571.txt
0/d164a02904ac.wav,0/d164a02904ac.txt
0/d307af3f7f85.wav,0/d307af3f7f85.txt
0/d352eb3e41dd.wav,0/d352eb3e41dd.txt
0/d374f7c4731d.wav,0/d374f7c4731d.txt
0/d436d72f6a3b.wav,0/d436d72f6a3b.txt
0/d453b27a12b8.wav,0/d453b27a12b8.txt
0/d617a745f429.wav,0/d617a745f429.txt
0/d621bdcdc2d7.wav,0/d621bdcdc2d7.txt
0/d926e4495115.wav,0/d926e4495115.txt
0/d941d46e439d.wav,0/d941d46e439d.txt
0/d2545c27623e.wav,0/d2545c27623e.txt
0/d5665a98fbfe.wav,0/d5665a98fbfe.txt
0/d6386f1b1994.wav,0/d6386f1b1994.txt
0/d8045bb45ce0.wav,0/d8045bb45ce0.txt
0/d11367c821ba.wav,0/d11367c821ba.txt
0/d13277b68bc4.wav,0/d13277b68bc4.txt
0/d40489f52a09.wav,0/d40489f52a09.txt
0/d63686c68091.wav,0/d63686c68091.txt
0/d180950b02da.wav,0/d180950b02da.txt
0/d331155af77c.wav,0/d331155af77c.txt
0/d702149b29a9.wav,0/d702149b29a9.txt
0/d863422a9d87.wav,0/d863422a9d87.txt
0/d1662984f873.wav,0/d1662984f873.txt
0/d5251701b3a8.wav,0/d5251701b3a8.txt
0/d7071769e677.wav,0/d7071769e677.txt
0/d855158813c0.wav,0/d855158813c0.txt
0/d18092786591.wav,0/d18092786591.txt
0/d36378914782.wav,0/d36378914782.txt
0/da4c63691482.wav,0/da4c63691482.txt
0/da70cfbb4ece.wav,0/da70cfbb4ece.txt
0/daaa9707af11.wav,0/daaa9707af11.txt
0/dadbca41292e.wav,0/dadbca41292e.txt
0/dae0a27c3c31.wav,0/dae0a27c3c31.txt
0/db1b605bb541.wav,0/db1b605bb541.txt
0/db08db2f7435.wav,0/db08db2f7435.txt
0/db70f9be3cfe.wav,0/db70f9be3cfe.txt
0/dbc875bf4d5f.wav,0/dbc875bf4d5f.txt
0/dc24cf688782.wav,0/dc24cf688782.txt
0/dc339f0b8b1f.wav,0/dc339f0b8b1f.txt
0/dc687f336450.wav,0/dc687f336450.txt
0/dc806348eed7.wav,0/dc806348eed7.txt
0/dc4666575da5.wav,0/dc4666575da5.txt
0/dca771b74603.wav,0/dca771b74603.txt
0/dd6c2b68a77b.wav,0/dd6c2b68a77b.txt
0/dd16f39cc11c.wav,0/dd16f39cc11c.txt
0/dd61dba41246.wav,0/dd61dba41246.txt
0/dd557286b528.wav,0/dd557286b528.txt
0/dd9953597ace.wav,0/dd9953597ace.txt
0/ddabc9fedfa1.wav,0/ddabc9fedfa1.txt
0/ddb9d3683966.wav,0/ddb9d3683966.txt
0/ddb2708b8070.wav,0/ddb2708b8070.txt
0/ddd77e466549.wav,0/ddd77e466549.txt
0/de7ee228da03.wav,0/de7ee228da03.txt
0/de93c4b0f712.wav,0/de93c4b0f712.txt
0/de50972179f4.wav,0/de50972179f4.txt
0/df7e3a1260c7.wav,0/df7e3a1260c7.txt
0/df7fc385fa47.wav,0/df7fc385fa47.txt
0/df40e07f6de9.wav,0/df40e07f6de9.txt
0/df56a7cd8325.wav,0/df56a7cd8325.txt
0/dfd0b4709a96.wav,0/dfd0b4709a96.txt
0/dfe4a5e1c5dd.wav,0/dfe4a5e1c5dd.txt
0/dff54e726c87.wav,0/dff54e726c87.txt
0/dff5664f0996.wav,0/dff5664f0996.txt
0/e0aac3227e16.wav,0/e0aac3227e16.txt
0/e0d8e5171165.wav,0/e0d8e5171165.txt
0/e0e1a33d81d4.wav,0/e0e1a33d81d4.txt
0/e0e691c5af7d.wav,0/e0e691c5af7d.txt
0/e1d8cc7bc43a.wav,0/e1d8cc7bc43a.txt
0/e2caf5ea56a6.wav,0/e2caf5ea56a6.txt
0/e2f33596ca18.wav,0/e2f33596ca18.txt
0/e03bc04b3c73.wav,0/e03bc04b3c73.txt
0/e3c47f5f2049.wav,0/e3c47f5f2049.txt
0/e3d211fc06e0.wav,0/e3d211fc06e0.txt
0/e3e3f54ba5e6.wav,0/e3e3f54ba5e6.txt
0/e04c0c9c4c9c.wav,0/e04c0c9c4c9c.txt
0/e4a7d0f751c9.wav,0/e4a7d0f751c9.txt
0/e4a16bc89149.wav,0/e4a16bc89149.txt
0/e4aca8b808f5.wav,0/e4aca8b808f5.txt
0/e4ad2eb099e3.wav,0/e4ad2eb099e3.txt
0/e4b2a5e6bb29.wav,0/e4b2a5e6bb29.txt
0/e05e3c0bd2ce.wav,0/e05e3c0bd2ce.txt
0/e5f3bfc1cb40.wav,0/e5f3bfc1cb40.txt
0/e5fd3852520f.wav,0/e5fd3852520f.txt
0/e6c1129aba1e.wav,0/e6c1129aba1e.txt
0/e6d7c4a7ab83.wav,0/e6d7c4a7ab83.txt
0/e7a20affb007.wav,0/e7a20affb007.txt
0/e7c2c1e64b08.wav,0/e7c2c1e64b08.txt
0/e8d89015ba21.wav,0/e8d89015ba21.txt
0/e9b729ef8d6e.wav,0/e9b729ef8d6e.txt
0/e9bb4af01ecf.wav,0/e9bb4af01ecf.txt
0/e9c6947f46b5.wav,0/e9c6947f46b5.txt
0/e9e9e04fd0fa.wav,0/e9e9e04fd0fa.txt
0/e11a87aacd87.wav,0/e11a87aacd87.txt
0/e36ff1ea12be.wav,0/e36ff1ea12be.txt
0/e41f49d7628e.wav,0/e41f49d7628e.txt
0/e47ab5cba0d3.wav,0/e47ab5cba0d3.txt
0/e48b75ca0bba.wav,0/e48b75ca0bba.txt
0/e049a2762e63.wav,0/e049a2762e63.txt
0/e53a752e6165.wav,0/e53a752e6165.txt
0/e54b21b4353a.wav,0/e54b21b4353a.txt
0/e56d1f05da16.wav,0/e56d1f05da16.txt
0/e057fd0a1f60.wav,0/e057fd0a1f60.txt
0/e60f76b004f0.wav,0/e60f76b004f0.txt
0/e63f4e42c9c6.wav,0/e63f4e42c9c6.txt
0/e71f2a1092c8.wav,0/e71f2a1092c8.txt
0/e72a0091250b.wav,0/e72a0091250b.txt
0/e76aebca856b.wav,0/e76aebca856b.txt
0/e86ba16e439d.wav,0/e86ba16e439d.txt
0/e86fd8ee838a.wav,0/e86fd8ee838a.txt
0/e088dc27e2e4.wav,0/e088dc27e2e4.txt
0/e89e64953d31.wav,0/e89e64953d31.txt
0/e95a75747129.wav,0/e95a75747129.txt
0/e96a1552a24c.wav,0/e96a1552a24c.txt
0/e97f605b28af.wav,0/e97f605b28af.txt
0/e0107f9f7f78.wav,0/e0107f9f7f78.txt
0/e142a2090361.wav,0/e142a2090361.txt
0/e195f69588a4.wav,0/e195f69588a4.txt
0/e241f1ea62b1.wav,0/e241f1ea62b1.txt
0/e246ae4de493.wav,0/e246ae4de493.txt
0/e322de9b0087.wav,0/e322de9b0087.txt
0/e0371bb31c18.wav,0/e0371bb31c18.txt
0/e0381e8943a9.wav,0/e0381e8943a9.txt
0/e404d3db43c8.wav,0/e404d3db43c8.txt
0/e0463da75c3f.wav,0/e0463da75c3f.txt
0/e505f0bc0261.wav,0/e505f0bc0261.txt
0/e524dd2db6a6.wav,0/e524dd2db6a6.txt
0/e542d17c94ba.wav,0/e542d17c94ba.txt
0/e831b1a0b673.wav,0/e831b1a0b673.txt
0/e887d0f3d484.wav,0/e887d0f3d484.txt
0/e3212f58d7dc.wav,0/e3212f58d7dc.txt
0/e5979bd7219c.wav,0/e5979bd7219c.txt
0/e6975d8c3a28.wav,0/e6975d8c3a28.txt
0/e11807cd36cf.wav,0/e11807cd36cf.txt
0/e45972f814d5.wav,0/e45972f814d5.txt
0/e95871f3f309.wav,0/e95871f3f309.txt
0/e0559965e20c.wav,0/e0559965e20c.txt
0/e982428e5021.wav,0/e982428e5021.txt
0/e3327124c35e.wav,0/e3327124c35e.txt
0/e06919068b62.wav,0/e06919068b62.txt
0/e7471006aa1a.wav,0/e7471006aa1a.txt
0/ea0f843c023a.wav,0/ea0f843c023a.txt
0/ea01ae98fa14.wav,0/ea01ae98fa14.txt
0/ea8abb1aad0e.wav,0/ea8abb1aad0e.txt
0/ea273a5451ff.wav,0/ea273a5451ff.txt
0/eacff589ff33.wav,0/eacff589ff33.txt
0/eb1da5f284ff.wav,0/eb1da5f284ff.txt
0/eb6d660c4e1c.wav,0/eb6d660c4e1c.txt
0/eb8bea4eb990.wav,0/eb8bea4eb990.txt
0/eb72d22815f4.wav,0/eb72d22815f4.txt
0/eb81c7eeea03.wav,0/eb81c7eeea03.txt
0/eb663a7e2bd2.wav,0/eb663a7e2bd2.txt
0/eba41d1085c3.wav,0/eba41d1085c3.txt
0/ebb6eba1d245.wav,0/ebb6eba1d245.txt
0/ebcf225bd25c.wav,0/ebcf225bd25c.txt
0/ebdecfac4989.wav,0/ebdecfac4989.txt
0/ebe5adfc0a24.wav,0/ebe5adfc0a24.txt
0/ebf32bfe5244.wav,0/ebf32bfe5244.txt
0/ec1dac1e27e0.wav,0/ec1dac1e27e0.txt
0/ec3c8a29cdb9.wav,0/ec3c8a29cdb9.txt
0/ec3eec0290b0.wav,0/ec3eec0290b0.txt
0/ec5bca1c8e76.wav,0/ec5bca1c8e76.txt
0/ecac7680547c.wav,0/ecac7680547c.txt
0/ecca86bc3fc1.wav,0/ecca86bc3fc1.txt
0/eccec9e6bbd8.wav,0/eccec9e6bbd8.txt
0/eccfa5070f00.wav,0/eccfa5070f00.txt
0/ecd606b0bff2.wav,0/ecd606b0bff2.txt
0/ecda8b9d4595.wav,0/ecda8b9d4595.txt
0/ed1f64a873b4.wav,0/ed1f64a873b4.txt
0/ed2dde91477e.wav,0/ed2dde91477e.txt
0/ed40fcaa00fb.wav,0/ed40fcaa00fb.txt
0/edb2c98252d4.wav,0/edb2c98252d4.txt
0/edc326a32c92.wav,0/edc326a32c92.txt
0/edfa018470f2.wav,0/edfa018470f2.txt
0/ee007c0bdf2d.wav,0/ee007c0bdf2d.txt
0/ee7d215c748d.wav,0/ee7d215c748d.txt
0/ee7f8ba0842a.wav,0/ee7f8ba0842a.txt
0/ee850c4c0c2f.wav,0/ee850c4c0c2f.txt
0/eec65f23c8cb.wav,0/eec65f23c8cb.txt
0/eedd62715b79.wav,0/eedd62715b79.txt
0/eef9ca1e590b.wav,0/eef9ca1e590b.txt
0/ef2a9d7841cc.wav,0/ef2a9d7841cc.txt
0/ef6aeb196908.wav,0/ef6aeb196908.txt
0/ef7e28f1d9ce.wav,0/ef7e28f1d9ce.txt
0/ef8f1f6f99f1.wav,0/ef8f1f6f99f1.txt
0/ef081f385255.wav,0/ef081f385255.txt
0/ef412fb1afc9.wav,0/ef412fb1afc9.txt
0/ef929310f296.wav,0/ef929310f296.txt
0/efdfce55990f.wav,0/efdfce55990f.txt
0/efe4d567af0a.wav,0/efe4d567af0a.txt
0/eff87d73aba7.wav,0/eff87d73aba7.txt
0/effc7aa1d721.wav,0/effc7aa1d721.txt
0/f0ade210995e.wav,0/f0ade210995e.txt
0/f0c9749f5d97.wav,0/f0c9749f5d97.txt
0/f0d42c0187e2.wav,0/f0d42c0187e2.txt
0/f1b36dc303c3.wav,0/f1b36dc303c3.txt
0/f1fbb6812839.wav,0/f1fbb6812839.txt
0/f1ff8b81d136.wav,0/f1ff8b81d136.txt
0/f2b5b12ee330.wav,0/f2b5b12ee330.txt
0/f2d2e476b3b3.wav,0/f2d2e476b3b3.txt
0/f3d3fe1c27fb.wav,0/f3d3fe1c27fb.txt
0/f3d6caeaf2ae.wav,0/f3d6caeaf2ae.txt
0/f3eaa1e7c81d.wav,0/f3eaa1e7c81d.txt
0/f3ed19fc8b3e.wav,0/f3ed19fc8b3e.txt
0/f04db5176f16.wav,0/f04db5176f16.txt
0/f4a4e111bfed.wav,0/f4a4e111bfed.txt
0/f4b7ce5c4b1f.wav,0/f4b7ce5c4b1f.txt
0/f4c0051e8943.wav,0/f4c0051e8943.txt
0/f4c215854f32.wav,0/f4c215854f32.txt
0/f4ca5cd6b5db.wav,0/f4ca5cd6b5db.txt
0/f4cb6c270e17.wav,0/f4cb6c270e17.txt
0/f4df45f62e8f.wav,0/f4df45f62e8f.txt
0/f4eff79239e8.wav,0/f4eff79239e8.txt
0/f4fd66e699c6.wav,0/f4fd66e699c6.txt
0/f5f6d1824c4f.wav,0/f5f6d1824c4f.txt
0/f6aaf4ba49f0.wav,0/f6aaf4ba49f0.txt
0/f6c37fc05dd2.wav,0/f6c37fc05dd2.txt
0/f8ad2be57666.wav,0/f8ad2be57666.txt
0/f8c34376f22e.wav,0/f8c34376f22e.txt
0/f8c297459d99.wav,0/f8c297459d99.txt
0/f09fdfd72d1f.wav,0/f09fdfd72d1f.txt
0/f9a267f11f0d.wav,0/f9a267f11f0d.txt
0/f9e8dc98802f.wav,0/f9e8dc98802f.txt
0/f11e3800a690.wav,0/f11e3800a690.txt
0/f13a4801d2c1.wav,0/f13a4801d2c1.txt
0/f13c8cd6b4ae.wav,0/f13c8cd6b4ae.txt
0/f27beedb629f.wav,0/f27beedb629f.txt
0/f29f3591cb60.wav,0/f29f3591cb60.txt
0/f030d218392d.wav,0/f030d218392d.txt
0/f35a91c1c670.wav,0/f35a91c1c670.txt
0/f0042aa306de.wav,0/f0042aa306de.txt
0/f46f7edd5bbf.wav,0/f46f7edd5bbf.txt
0/f51f17195f11.wav,0/f51f17195f11.txt
0/f61a4b9bb0d1.wav,0/f61a4b9bb0d1.txt
0/f85d6e57f6e2.wav,0/f85d6e57f6e2.txt
0/f371b6b655e0.wav,0/f371b6b655e0.txt
0/f409bd3453d1.wav,0/f409bd3453d1.txt
0/f441f60f378d.wav,0/f441f60f378d.txt
0/f473ff6e9bd3.wav,0/f473ff6e9bd3.txt
0/f492d66328ab.wav,0/f492d66328ab.txt
0/f548c276e98c.wav,0/f548c276e98c.txt
0/f0810e6759c0.wav,0/f0810e6759c0.txt
0/f828fe12da4b.wav,0/f828fe12da4b.txt
0/f839c4e68b2b.wav,0/f839c4e68b2b.txt
0/f1993ee7e201.wav,0/f1993ee7e201.txt
0/f2239e354244.wav,0/f2239e354244.txt
0/f4799acfa06f.wav,0/f4799acfa06f.txt
0/f8463ca7a754.wav,0/f8463ca7a754.txt
0/f14168b30bda.wav,0/f14168b30bda.txt
0/f20255fcc455.wav,0/f20255fcc455.txt
0/f40142fa1a24.wav,0/f40142fa1a24.txt
0/f0167801bd24.wav,0/f0167801bd24.txt
0/f00224657e0b.wav,0/f00224657e0b.txt
0/f946232bcccb.wav,0/f946232bcccb.txt
0/f5452870c324.wav,0/f5452870c324.txt
0/f8893662e29b.wav,0/f8893662e29b.txt
0/f43299711ffb.wav,0/f43299711ffb.txt
0/f63834291e16.wav,0/f63834291e16.txt
0/f9622649535a.wav,0/f9622649535a.txt
0/fa02e338f428.wav,0/fa02e338f428.txt
0/fa89bf9d520e.wav,0/fa89bf9d520e.txt
0/fa259553b1f8.wav,0/fa259553b1f8.txt
0/fad1f1dfadee.wav,0/fad1f1dfadee.txt
0/fad795123a98.wav,0/fad795123a98.txt
0/fb0f405fe84b.wav,0/fb0f405fe84b.txt
0/fb4bd4975863.wav,0/fb4bd4975863.txt
0/fb82bd10f598.wav,0/fb82bd10f598.txt
0/fb128f1ed36a.wav,0/fb128f1ed36a.txt
0/fb8356c4521b.wav,0/fb8356c4521b.txt
0/fbb7041275c4.wav,0/fbb7041275c4.txt
0/fc3abad39dc9.wav,0/fc3abad39dc9.txt
0/fc4e9869ff1d.wav,0/fc4e9869ff1d.txt
0/fc42f3681af6.wav,0/fc42f3681af6.txt
0/fc81a58e8013.wav,0/fc81a58e8013.txt
0/fc166f4a5637.wav,0/fc166f4a5637.txt
0/fc408f575c0d.wav,0/fc408f575c0d.txt
0/fc445db8fb22.wav,0/fc445db8fb22.txt
0/fc781ec542df.wav,0/fc781ec542df.txt
0/fc97230c7ea8.wav,0/fc97230c7ea8.txt
0/fcb6d597dbfd.wav,0/fcb6d597dbfd.txt
0/fcc30f2938b5.wav,0/fcc30f2938b5.txt
0/fcd053e59bb2.wav,0/fcd053e59bb2.txt
0/fd1ca3917637.wav,0/fd1ca3917637.txt
0/fd1dec04e432.wav,0/fd1dec04e432.txt
0/fd4a1046c882.wav,0/fd4a1046c882.txt
0/fd17e7c7e3ca.wav,0/fd17e7c7e3ca.txt
0/fd491b723585.wav,0/fd491b723585.txt
0/fd673e3dee0f.wav,0/fd673e3dee0f.txt
0/fd690bc0d31b.wav,0/fd690bc0d31b.txt
0/fdb706820432.wav,0/fdb706820432.txt
0/fdbee282dab2.wav,0/fdbee282dab2.txt
0/fdd6e63ee3c3.wav,0/fdd6e63ee3c3.txt
0/fdd21f32142d.wav,0/fdd21f32142d.txt
0/fde92a44c6af.wav,0/fde92a44c6af.txt
0/fdf2697a7e78.wav,0/fdf2697a7e78.txt
0/fe9a542119b0.wav,0/fe9a542119b0.txt
0/fe69f1b646fb.wav,0/fe69f1b646fb.txt
0/fe03749fd8a1.wav,0/fe03749fd8a1.txt
0/feae6a1a756e.wav,0/feae6a1a756e.txt
0_1/00001.wav,0_1/00001.txt
0_1/00002.wav,0_1/00002.txt
0_1/00003.wav,0_1/00003.txt
0_1/00004.wav,0_1/00004.txt
0_1/00005.wav,0_1/00005.txt
0_1/00006.wav,0_1/00006.txt
0_1/00007.wav,0_1/00007.txt
0_1/00008.wav,0_1/00008.txt
0_1/00009.wav,0_1/00009.txt
0_1/00010.wav,0_1/00010.txt
0_1/00011.wav,0_1/00011.txt
0_1/00012.wav,0_1/00012.txt
0_1/00013.wav,0_1/00013.txt
0_1/00014.wav,0_1/00014.txt
0_1/00015.wav,0_1/00015.txt
0_1/00016.wav,0_1/00016.txt
0_1/00017.wav,0_1/00017.txt
0_1/00018.wav,0_1/00018.txt
0_1/00019.wav,0_1/00019.txt
0_1/00020.wav,0_1/00020.txt
0_1/00021.wav,0_1/00021.txt
0_1/00022.wav,0_1/00022.txt
0_1/00023.wav,0_1/00023.txt
0_1/00024.wav,0_1/00024.txt
0_1/00025.wav,0_1/00025.txt
0_1/00026.wav,0_1/00026.txt
0_1/00027.wav,0_1/00027.txt
0_1/00028.wav,0_1/00028.txt
0_1/00029.wav,0_1/00029.txt
0_1/00030.wav,0_1/00030.txt
0_1/00031.wav,0_1/00031.txt
0_1/00032.wav,0_1/00032.txt
0_1/00033.wav,0_1/00033.txt
0_1/00034.wav,0_1/00034.txt
0_1/00035.wav,0_1/00035.txt
0_1/00036.wav,0_1/00036.txt
0_1/00037.wav,0_1/00037.txt
0_1/00038.wav,0_1/00038.txt
0_1/00039.wav,0_1/00039.txt
0_1/00040.wav,0_1/00040.txt
0_1/00041.wav,0_1/00041.txt
0_1/00042.wav,0_1/00042.txt
0_1/00043.wav,0_1/00043.txt
0_1/00044.wav,0_1/00044.txt
0_1/00045.wav,0_1/00045.txt
0_1/00046.wav,0_1/00046.txt
0_1/00047.wav,0_1/00047.txt
0_1/00048.wav,0_1/00048.txt
0_1/00049.wav,0_1/00049.txt
0_1/00050.wav,0_1/00050.txt
0_1/00051.wav,0_1/00051.txt
0_1/00052.wav,0_1/00052.txt
0_1/00053.wav,0_1/00053.txt
0_1/00054.wav,0_1/00054.txt
0_1/00055.wav,0_1/00055.txt
0_1/00056.wav,0_1/00056.txt
0_1/00057.wav,0_1/00057.txt
0_1/00058.wav,0_1/00058.txt
0_1/00059.wav,0_1/00059.txt
0_1/00060.wav,0_1/00060.txt
0_1/00061.wav,0_1/00061.txt
0_1/00062.wav,0_1/00062.txt
0_1/00063.wav,0_1/00063.txt
0_1/00064.wav,0_1/00064.txt
0_1/00065.wav,0_1/00065.txt
0_1/00066.wav,0_1/00066.txt
0_1/00067.wav,0_1/00067.txt
0_1/00068.wav,0_1/00068.txt
0_1/00069.wav,0_1/00069.txt
0_1/00070.wav,0_1/00070.txt
0_1/00071.wav,0_1/00071.txt
0_1/00072.wav,0_1/00072.txt
0_1/00073.wav,0_1/00073.txt
0_1/00074.wav,0_1/00074.txt
0_1/00075.wav,0_1/00075.txt
0_1/00076.wav,0_1/00076.txt
0_1/00077.wav,0_1/00077.txt
0_1/00078.wav,0_1/00078.txt
0_1/00079.wav,0_1/00079.txt
0_1/00080.wav,0_1/00080.txt
0_1/00081.wav,0_1/00081.txt
0_1/00082.wav,0_1/00082.txt
0_1/00083.wav,0_1/00083.txt
0_1/00084.wav,0_1/00084.txt
0_1/00085.wav,0_1/00085.txt
0_1/00086.wav,0_1/00086.txt
0_1/00087.wav,0_1/00087.txt
0_1/00088.wav,0_1/00088.txt
0_1/00089.wav,0_1/00089.txt
0_1/00090.wav,0_1/00090.txt
0_1/00091.wav,0_1/00091.txt
0_1/00092.wav,0_1/00092.txt
0_1/00093.wav,0_1/00093.txt
0_1/00094.wav,0_1/00094.txt
0_1/00095.wav,0_1/00095.txt
0_1/00096.wav,0_1/00096.txt
0_1/00097.wav,0_1/00097.txt
0_1/00098.wav,0_1/00098.txt
0_1/00099.wav,0_1/00099.txt
0_1/00100.wav,0_1/00100.txt
0_1/00101.wav,0_1/00101.txt
0_1/00102.wav,0_1/00102.txt
0_1/00103.wav,0_1/00103.txt
0_1/00104.wav,0_1/00104.txt
0_1/00105.wav,0_1/00105.txt
0_1/00106.wav,0_1/00106.txt
0_1/00107.wav,0_1/00107.txt
0_1/00108.wav,0_1/00108.txt
0_1/00109.wav,0_1/00109.txt
0_1/00110.wav,0_1/00110.txt
0_1/00111.wav,0_1/00111.txt
0_1/00112.wav,0_1/00112.txt
0_1/00113.wav,0_1/00113.txt
0_1/00114.wav,0_1/00114.txt
0_1/00115.wav,0_1/00115.txt
0_1/00116.wav,0_1/00116.txt
0_1/00117.wav,0_1/00117.txt
0_1/00118.wav,0_1/00118.txt
0_1/00119.wav,0_1/00119.txt
0_1/00120.wav,0_1/00120.txt
0_1/00121.wav,0_1/00121.txt
0_1/00122.wav,0_1/00122.txt
0_1/00123.wav,0_1/00123.txt
0_1/00124.wav,0_1/00124.txt
0_1/00125.wav,0_1/00125.txt
0_1/00126.wav,0_1/00126.txt
0_1/00127.wav,0_1/00127.txt
0_1/00128.wav,0_1/00128.txt
0_1/00129.wav,0_1/00129.txt
0_1/00130.wav,0_1/00130.txt
0_1/00131.wav,0_1/00131.txt
0_1/00132.wav,0_1/00132.txt
0_1/00133.wav,0_1/00133.txt
0_1/00134.wav,0_1/00134.txt
0_1/00135.wav,0_1/00135.txt
0_1/00136.wav,0_1/00136.txt
0_1/00137.wav,0_1/00137.txt
0_1/00138.wav,0_1/00138.txt
0_1/00139.wav,0_1/00139.txt
0_1/00140.wav,0_1/00140.txt
0_1/00141.wav,0_1/00141.txt
0_1/00142.wav,0_1/00142.txt
0_1/00143.wav,0_1/00143.txt
0_1/00144.wav,0_1/00144.txt
0_1/00145.wav,0_1/00145.txt
0_1/00146.wav,0_1/00146.txt
0_1/00147.wav,0_1/00147.txt
0_1/00148.wav,0_1/00148.txt
0_1/00149.wav,0_1/00149.txt
0_1/00150.wav,0_1/00150.txt
0_1/00151.wav,0_1/00151.txt
0_1/00152.wav,0_1/00152.txt
0_1/00153.wav,0_1/00153.txt
0_1/00154.wav,0_1/00154.txt
0_1/00155.wav,0_1/00155.txt
0_1/00156.wav,0_1/00156.txt
0_1/00157.wav,0_1/00157.txt
0_1/00158.wav,0_1/00158.txt
0_1/00159.wav,0_1/00159.txt
0_1/00160.wav,0_1/00160.txt
0_1/00161.wav,0_1/00161.txt
0_1/00162.wav,0_1/00162.txt
0_1/00163.wav,0_1/00163.txt
0_1/00164.wav,0_1/00164.txt
0_1/00165.wav,0_1/00165.txt
0_1/00166.wav,0_1/00166.txt
0_1/00167.wav,0_1/00167.txt
0_1/00168.wav,0_1/00168.txt
0_1/00169.wav,0_1/00169.txt
0_1/00170.wav,0_1/00170.txt
0_1/00171.wav,0_1/00171.txt
0_1/00172.wav,0_1/00172.txt
0_1/00173.wav,0_1/00173.txt
0_1/00174.wav,0_1/00174.txt
0_1/00175.wav,0_1/00175.txt
0_1/00176.wav,0_1/00176.txt
0_1/00177.wav,0_1/00177.txt
0_1/00178.wav,0_1/00178.txt
0_1/00179.wav,0_1/00179.txt
0_1/00180.wav,0_1/00180.txt
0_1/00181.wav,0_1/00181.txt
0_1/00182.wav,0_1/00182.txt
0_1/00183.wav,0_1/00183.txt
0_1/00184.wav,0_1/00184.txt
0_1/00185.wav,0_1/00185.txt
0_1/00186.wav,0_1/00186.txt
0_1/00187.wav,0_1/00187.txt
0_1/00188.wav,0_1/00188.txt
0_1/00189.wav,0_1/00189.txt
0_1/00190.wav,0_1/00190.txt
0_1/00191.wav,0_1/00191.txt
0_1/00192.wav,0_1/00192.txt
0_1/00193.wav,0_1/00193.txt
0_1/00194.wav,0_1/00194.txt
0_1/00195.wav,0_1/00195.txt
0_1/00196.wav,0_1/00196.txt
0_1/00197.wav,0_1/00197.txt
0_1/00198.wav,0_1/00198.txt
0_1/00199.wav,0_1/00199.txt
0_1/00200.wav,0_1/00200.txt
0_1/00201.wav,0_1/00201.txt
0_1/00202.wav,0_1/00202.txt
0_1/00203.wav,0_1/00203.txt
0_1/00204.wav,0_1/00204.txt
0_1/00205.wav,0_1/00205.txt
0_1/00206.wav,0_1/00206.txt
0_1/00207.wav,0_1/00207.txt
0_1/00208.wav,0_1/00208.txt
0_1/00209.wav,0_1/00209.txt
0_1/00210.wav,0_1/00210.txt
0_1/00211.wav,0_1/00211.txt
0_1/00212.wav,0_1/00212.txt
0_1/00213.wav,0_1/00213.txt
0_1/00214.wav,0_1/00214.txt
0_1/00215.wav,0_1/00215.txt
0_1/00216.wav,0_1/00216.txt
0_1/00217.wav,0_1/00217.txt
0_1/00218.wav,0_1/00218.txt
0_1/00219.wav,0_1/00219.txt
0_1/00220.wav,0_1/00220.txt
0_1/00221.wav,0_1/00221.txt
0_1/00222.wav,0_1/00222.txt
0_1/00223.wav,0_1/00223.txt
0_1/00224.wav,0_1/00224.txt
0_1/00225.wav,0_1/00225.txt
0_1/00226.wav,0_1/00226.txt
0_1/00227.wav,0_1/00227.txt
0_1/00228.wav,0_1/00228.txt
0_1/00229.wav,0_1/00229.txt
0_1/00230.wav,0_1/00230.txt
0_1/00231.wav,0_1/00231.txt
0_1/00232.wav,0_1/00232.txt
0_1/00233.wav,0_1/00233.txt
0_1/00234.wav,0_1/00234.txt
0_1/00235.wav,0_1/00235.txt
0_1/00236.wav,0_1/00236.txt
0_1/00237.wav,0_1/00237.txt
0_1/00238.wav,0_1/00238.txt
0_1/00239.wav,0_1/00239.txt
0_1/00240.wav,0_1/00240.txt
0_1/00241.wav,0_1/00241.txt
0_1/00242.wav,0_1/00242.txt
0_1/00243.wav,0_1/00243.txt
0_1/00244.wav,0_1/00244.txt
0_1/00245.wav,0_1/00245.txt
0_1/00246.wav,0_1/00246.txt
0_1/00247.wav,0_1/00247.txt
0_1/00248.wav,0_1/00248.txt
0_1/00249.wav,0_1/00249.txt
0_1/00250.wav,0_1/00250.txt
0_1/00251.wav,0_1/00251.txt
0_1/00252.wav,0_1/00252.txt
0_1/00253.wav,0_1/00253.txt
0_1/00254.wav,0_1/00254.txt
0_1/00255.wav,0_1/00255.txt
0_1/00256.wav,0_1/00256.txt
0_1/00257.wav,0_1/00257.txt
0_1/00258.wav,0_1/00258.txt
0_1/00259.wav,0_1/00259.txt
0_1/00260.wav,0_1/00260.txt
0_1/00261.wav,0_1/00261.txt
0_1/00262.wav,0_1/00262.txt
0_1/00263.wav,0_1/00263.txt
0_1/00264.wav,0_1/00264.txt
0_1/00265.wav,0_1/00265.txt
0_1/00266.wav,0_1/00266.txt
0_1/00267.wav,0_1/00267.txt
0_1/00268.wav,0_1/00268.txt
0_1/00269.wav,0_1/00269.txt
0_1/00270.wav,0_1/00270.txt
0_1/00271.wav,0_1/00271.txt
0_1/00272.wav,0_1/00272.txt
0_1/00273.wav,0_1/00273.txt
0_1/00274.wav,0_1/00274.txt
0_1/00275.wav,0_1/00275.txt
0_1/00276.wav,0_1/00276.txt
0_1/00277.wav,0_1/00277.txt
0_1/00278.wav,0_1/00278.txt
0_1/00279.wav,0_1/00279.txt
0_1/00280.wav,0_1/00280.txt
0_1/00281.wav,0_1/00281.txt
0_1/00282.wav,0_1/00282.txt
0_1/00283.wav,0_1/00283.txt
0_1/00284.wav,0_1/00284.txt
0_1/00285.wav,0_1/00285.txt
0_1/00286.wav,0_1/00286.txt
0_1/00287.wav,0_1/00287.txt
0_1/00288.wav,0_1/00288.txt
0_1/00289.wav,0_1/00289.txt
0_1/00290.wav,0_1/00290.txt
0_1/00291.wav,0_1/00291.txt
0_1/00292.wav,0_1/00292.txt
0_1/00293.wav,0_1/00293.txt
0_1/00294.wav,0_1/00294.txt
0_1/00295.wav,0_1/00295.txt
0_1/00296.wav,0_1/00296.txt
0_1/00297.wav,0_1/00297.txt
0_1/00298.wav,0_1/00298.txt
0_1/00299.wav,0_1/00299.txt
0_1/00300.wav,0_1/00300.txt
0_1/00301.wav,0_1/00301.txt
0_1/00302.wav,0_1/00302.txt
0_1/00303.wav,0_1/00303.txt
0_1/00304.wav,0_1/00304.txt
0_1/00305.wav,0_1/00305.txt
0_1/00306.wav,0_1/00306.txt
0_1/00307.wav,0_1/00307.txt
0_1/00308.wav,0_1/00308.txt
0_1/00309.wav,0_1/00309.txt
0_1/00310.wav,0_1/00310.txt
0_1/00311.wav,0_1/00311.txt
0_1/00312.wav,0_1/00312.txt
0_1/00313.wav,0_1/00313.txt
0_1/00314.wav,0_1/00314.txt
0_1/00315.wav,0_1/00315.txt
0_1/00316.wav,0_1/00316.txt
0_1/00317.wav,0_1/00317.txt
0_1/00318.wav,0_1/00318.txt
0_1/00319.wav,0_1/00319.txt
0_1/00320.wav,0_1/00320.txt
0_1/00321.wav,0_1/00321.txt
0_1/00322.wav,0_1/00322.txt
0_1/00323.wav,0_1/00323.txt
0_1/00324.wav,0_1/00324.txt
0_1/00325.wav,0_1/00325.txt
0_1/00326.wav,0_1/00326.txt
0_1/00327.wav,0_1/00327.txt
0_1/00328.wav,0_1/00328.txt
0_1/00329.wav,0_1/00329.txt
0_1/00330.wav,0_1/00330.txt
0_1/00331.wav,0_1/00331.txt
0_1/00332.wav,0_1/00332.txt
0_1/00333.wav,0_1/00333.txt
0_1/00334.wav,0_1/00334.txt
0_1/00335.wav,0_1/00335.txt
0_1/00336.wav,0_1/00336.txt
0_1/00337.wav,0_1/00337.txt
0_1/00338.wav,0_1/00338.txt
0_1/00339.wav,0_1/00339.txt
0_1/00340.wav,0_1/00340.txt
0_1/00341.wav,0_1/00341.txt
0_1/00342.wav,0_1/00342.txt
0_1/00343.wav,0_1/00343.txt
0_1/00344.wav,0_1/00344.txt
0_1/00345.wav,0_1/00345.txt
0_1/00346.wav,0_1/00346.txt
0_1/00347.wav,0_1/00347.txt
0_1/00348.wav,0_1/00348.txt
0_1/00349.wav,0_1/00349.txt
0_1/00350.wav,0_1/00350.txt
0_1/00351.wav,0_1/00351.txt
0_1/00352.wav,0_1/00352.txt
0_1/00353.wav,0_1/00353.txt
0_1/00354.wav,0_1/00354.txt
0_1/00355.wav,0_1/00355.txt
0_1/00356.wav,0_1/00356.txt
0_1/00357.wav,0_1/00357.txt
0_1/00358.wav,0_1/00358.txt
0_1/00359.wav,0_1/00359.txt
0_1/00360.wav,0_1/00360.txt
